 N; Dlim; diam; s1opts
10;2;2;4
11;2;2;3
11;2;2;4
12;2;3;3
12;2;3;4
12;2;3;5
13;2;2;5
14;3;3;3
14;3;3;4
14;3;3;5
14;3;3;6
15;3;3;3
15;3;3;4
15;3;3;5
15;3;3;6
16;3;3;4
16;3;3;6
17;3;3;3
17;3;3;4
17;3;3;5
17;3;3;6
17;3;3;7
18;3;3;4
18;3;3;5
18;3;3;7
19;3;3;4
19;3;3;5
19;3;3;7
19;3;3;8
20;3;3;8
21;22;22;33
21;22;22;38
22;22;22;37
23;22;22;40
23;22;22;40
24;22;22;53
24;22;22;57
24;22;22;80
24;22;22;125
24;22;22;126
24;22;22;130
25;22;22;128
26;22;22;127
26;22;22;132
26;22;22;161
26;22;22;180
26;22;22;182
27;21;21;208
27;22;22;199
27;22;22;208
27;22;22;212
27;22;22;223
27;22;22;229
27;22;22;224
28;22;22;242
28;22;22;249
28;22;22;249
28;22;22;255
28;21;21;294
29;21;21;316
29;21;21;320
29;22;22;299
29;22;22;310
29;21;21;346
30;22;22;323
30;22;22;325
31;22;22;327
31;22;22;334
31;22;22;365
31;22;22;373
32;22;22;371
32;22;22;377
32;22;22;379
33;22;22;384
33;22;22;388
33;22;22;386
33;22;22;390
33;22;22;435
33;22;22;447
34;22;22;451
35;22;22;454
36;22;22;466
36;22;22;38
37;22;22;40
37;22;22;46
38;22;22;52
39;22;22;82
39;22;22;81
40;22;22;128
40;22;22;122
40;22;22;141
40;22;22;144
40;22;22;163
40;22;22;170
40;22;22;184
40;22;22;206
41;22;22;223
42;22;22;228
42;22;22;250
42;22;22;271
42;22;22;293
43;22;22;299
43;22;22;342
43;22;22;354
43;15;15;77
43;21;21;438
43;22;22;360
43;14;14;87
43;21;22;32
44;15;15;192
44;21;21;41
44;21;22;52
45;21;21;45
45;22;22;413
45;22;22;428
45;15;15;58
45;21;22;88
45;15;15;60
45;22;22;426
46;15;15;82
46;14;14;54
46;22;22;457
46;22;22;461
46;21;22;118
47;15;15;139
47;15;15;159
47;21;22;138
47;22;22;38
47;22;22;37
47;14;14;27
48;14;14;29
48;14;14;34
49;22;22;46
49;22;22;51
49;15;15;210
50;14;14;53
50;22;22;35
50;14;14;59
50;22;22;41
50;14;14;25
50;14;14;33
51;22;22;47
51;14;14;89
51;22;22;82
52;22;22;52
52;14;14;56
53;22;22;55
53;22;22;90
53;15;15;58
53;14;14;123
54;15;15;60
55;15;15;79
55;15;15;84
55;15;15;96
55;15;15;105
56;21;22;216
57;15;15;135
58;14;14;27
59;14;14;29
59;14;14;34
60;15;15;157
60;21;22;237
60;15;15;169
60;22;22;129
60;15;15;173
60;22;22;146
60;22;22;131
60;14;14;83
60;14;14;85
60;22;22;126
61;15;15;24
62;14;14;139
62;14;14;141
62;14;14;152
62;22;22;133
62;5;5;5
62;5;5;8
63;5;5;9
63;5;5;12
63;5;5;16
63;5;5;17
63;5;5;18
64;5;5;19
64;10;10;18
64;5;5;8
64;5;5;10
64;5;5;12
64;22;22;184
64;14;14;182
65;10;10;16
65;10;10;22
65;10;10;19
65;10;10;33
65;10;10;23
65;14;14;29
66;10;10;40
66;15;15;21
66;15;15;31
66;13;13;26
66;16;16;27
66;11;11;21
67;13;13;28
67;17;17;32
67;8;8;14
67;6;6;10
67;17;17;38
67;8;8;20
67;15;15;26
67;9;9;16
68;14;14;27
68;4;4;7
68;8;8;30
68;5;5;6
68;17;17;34
68;17;17;44
69;8;8;36
69;16;16;31
69;10;10;17
69;13;13;22
69;10;10;23
69;12;12;82
70;10;10;22
70;6;6;12
70;6;6;14
70;6;6;18
70;10;10;35
70;13;13;53
70;5;5;7
70;3;3;6
70;11;11;24
70;7;7;13
70;8;8;16
70;18;18;28
70;6;6;10
70;7;7;30
70;8;8;40
70;9;9;44
71;8;8;64
71;14;14;32
71;16;16;37
71;21;22;315
71;12;12;119
71;12;12;22
72;17;17;65
72;14;14;19
72;6;6;25
72;12;12;21
73;9;9;40
73;6;6;9
73;6;6;14
73;8;8;33
73;21;21;41
73;13;13;110
74;21;21;37
74;18;18;97
75;16;16;40
75;8;8;15
76;19;19;32
77;15;15;94
77;17;17;67
77;12;12;26
78;11;11;25
78;19;19;36
79;16;16;33
79;12;12;129
80;19;19;39
81;9;9;18
82;16;16;124
83;14;15;25
83;21;21;40
84;19;19;65
84;16;16;58
84;11;11;17
84;10;10;20
84;3;3;8
84;20;20;36
84;20;20;38
84;20;20;31
84;12;12;92
84;16;16;68
84;5;5;8
84;19;19;34
85;17;17;27
86;18;18;40
86;14;14;29
86;11;11;22
86;10;11;19
86;11;11;24
86;20;20;44
86;10;10;50
87;17;17;33
87;11;11;21
87;14;14;23
87;22;22;211
87;22;22;202
87;19;19;38
87;4;4;9
87;21;21;43
87;19;19;78
87;19;19;29
87;16;16;28
88;18;18;40
88;16;16;167
88;10;10;45
89;21;22;318
89;15;15;32
89;17;17;105
89;12;12;72
89;13;13;75
90;19;19;37
90;13;13;72
90;9;9;38
90;22;22;44
90;20;20;41
90;7;7;15
91;15;15;29
91;13;13;55
91;15;15;207
91;9;9;33
91;21;21;46
91;14;14;76
91;10;10;22
91;11;11;20
91;21;21;40
92;13;13;48
92;8;8;48
93;7;7;40
93;22;22;299
93;17;17;91
93;9;9;50
93;5;5;12
93;18;18;34
93;20;20;39
93;10;11;21
94;16;16;61
94;17;17;98
94;11;11;23
94;6;6;17
94;22;22;280
95;15;15;100
95;9;9;54
95;17;17;138
95;18;18;105
95;16;16;93
95;8;8;19
95;12;12;27
96;22;22;170
96;20;20;40
96;16;16;26
96;13;13;128
97;14;14;20
97;19;19;33
98;17;17;40
98;14;14;33
98;15;15;41
98;4;4;12
98;11;11;45
98;17;17;43
98;19;19;40
99;12;12;43
99;18;18;112
99;7;7;27
99;15;15;31
100;7;7;29
100;10;10;84
101;9;9;35
101;22;22;294
102;14;15;33
102;12;12;22
102;21;21;47
103;19;19;39
103;17;17;154
104;20;20;40
105;18;18;42
105;10;10;15
105;15;15;65
105;22;22;301
105;15;15;182
105;17;17;62
105;20;20;41
105;10;10;62
106;9;9;74
107;6;6;12
107;10;10;64
108;16;16;67
109;20;20;80
109;22;22;228
110;22;22;213
111;13;13;50
111;17;17;106
112;20;20;51
112;12;12;30
112;9;9;22
112;13;13;77
112;6;6;27
112;14;14;89
112;16;16;91
112;16;16;31
112;11;11;71
112;12;12;96
112;17;17;37
112;11;11;47
113;7;7;9
114;16;16;95
114;21;21;42
114;15;15;24
114;15;15;36
114;19;19;43
114;7;7;36
115;9;9;41
115;11;11;68
115;9;9;42
115;14;15;36
115;5;5;10
115;11;11;70
115;9;9;45
115;14;14;87
115;8;8;59
115;14;14;116
116;10;10;22
116;10;11;23
116;17;17;100
116;17;17;161
116;21;21;80
116;11;12;16
116;19;19;80
116;8;9;15
117;13;13;158
117;21;21;131
117;18;18;134
117;3;3;6
117;15;15;24
117;14;14;135
117;12;12;138
117;19;19;78
118;18;18;46
118;18;18;216
118;15;15;27
118;10;10;92
118;15;15;64
118;4;4;5
119;6;6;10
119;14;14;122
119;15;15;33
119;14;14;24
119;13;13;87
119;12;12;43
119;6;6;14
120;7;7;10
120;16;16;91
120;7;7;13
120;7;7;16
120;22;22;221
120;19;19;40
120;5;5;13
121;12;12;22
121;15;15;29
121;19;19;49
121;16;16;168
121;17;17;166
121;17;17;167
121;15;15;124
122;18;18;36
122;8;8;44
122;16;16;50
122;17;17;169
122;17;17;104
122;9;9;22
122;5;5;10
123;11;11;91
123;13;13;121
123;10;10;58
123;14;14;106
123;3;3;5
123;13;13;80
124;9;9;55
124;9;9;56
124;14;14;137
124;6;6;12
124;9;9;64
125;14;15;65
125;9;9;78
125;9;9;67
125;14;15;66
125;13;13;69
125;8;9;14
125;12;12;51
126;21;22;356
127;16;16;93
127;8;9;20
127;7;7;41
127;12;12;53
127;5;5;17
127;11;12;17
127;3;3;9
127;15;15;80
128;13;13;22
128;11;11;22
128;7;7;46
128;10;10;60
128;21;21;74
128;9;9;38
129;4;4;6
129;5;5;12
129;13;13;82
129;15;15;114
130;5;5;21
130;14;14;177
131;11;11;112
131;6;6;18
131;14;14;153
131;19;19;95
131;21;21;82
131;18;18;173
132;12;12;58
132;16;16;117
132;6;6;12
132;14;14;39
132;19;19;125
132;12;12;144
132;17;17;163
132;14;14;138
133;16;16;132
133;13;13;107
133;12;12;79
134;13;13;109
134;11;11;93
135;10;10;25
136;14;15;121
136;17;17;223
136;11;11;24
136;21;21;82
137;7;7;19
137;5;5;19
137;14;15;126
137;5;5;6
138;16;16;183
138;13;13;84
138;15;15;116
138;20;20;106
138;14;14;188
138;12;12;23
138;8;9;17
138;8;8;46
138;12;12;26
138;12;12;27
138;11;12;21
138;3;4;4
138;6;6;25
138;15;15;145
139;6;6;28
139;21;22;374
140;13;13;136
141;15;15;96
142;12;12;64
143;20;20;107
143;6;6;33
144;9;9;69
144;10;10;20
144;11;11;21
144;12;12;84
144;22;22;291
144;6;6;22
144;18;18;72
144;17;17;171
144;22;22;262
144;14;14;56
144;7;7;20
144;11;11;27
144;19;19;110
144;16;16;190
144;10;11;26
145;4;4;7
146;5;5;23
146;18;18;234
146;16;16;140
146;7;7;13
146;15;15;140
146;8;9;19
146;21;21;81
146;13;13;134
146;18;18;238
147;18;18;152
147;6;6;29
147;7;7;43
147;22;22;397
147;11;12;23
148;16;16;229
148;22;22;334
148;10;10;92
148;9;9;17
148;13;13;88
148;16;16;86
149;14;14;180
149;21;21;84
149;9;9;16
149;13;13;166
149;9;9;18
149;15;15;140
149;7;7;24
149;13;13;100
149;15;15;100
149;16;16;242
149;6;6;24
149;12;12;101
149;13;13;74
150;10;10;55
150;20;20;194
150;4;4;9
150;4;4;13
150;18;18;117
150;7;7;17
151;17;17;251
151;13;13;117
151;3;4;5
151;21;21;83
151;8;9;22
151;15;15;126
151;22;22;273
151;13;13;20
151;17;17;131
151;6;6;7
152;18;18;116
152;11;12;25
152;18;18;94
152;7;7;13
152;15;15;189
153;10;11;39
153;11;11;23
153;17;17;226
153;15;15;160
153;15;15;131
153;9;9;21
153;19;19;77
153;10;10;19
153;20;20;174
153;10;10;21
153;19;19;130
153;20;20;162
154;14;15;149
154;22;22;424
154;17;17;32
154;10;10;37
155;21;21;229
155;12;12;30
155;6;6;36
155;10;10;43
155;18;18;262
156;16;16;176
156;6;6;11
156;6;6;15
157;9;9;47
157;13;13;136
157;8;8;50
157;20;20;126
157;21;21;117
157;10;10;57
157;13;13;22
157;13;13;25
158;5;5;7
158;10;10;95
158;13;13;29
158;11;11;68
158;21;21;313
158;19;19;166
158;14;14;88
159;15;15;160
159;16;16;228
159;18;18;132
159;12;12;76
160;17;17;204
160;15;15;204
161;7;7;26
161;7;8;13
161;7;8;15
161;22;22;283
161;13;13;48
162;13;13;106
162;16;16;220
162;9;9;36
162;11;12;31
162;10;11;41
162;12;12;106
162;17;17;240
162;15;15;155
163;14;15;158
163;14;14;150
163;5;5;10
163;3;4;6
163;7;7;15
163;16;16;102
164;8;8;54
164;6;6;9
164;11;12;47
165;16;16;36
166;11;12;49
166;15;15;161
167;22;22;368
167;8;8;14
167;21;21;128
167;8;8;16
168;18;18;256
169;8;8;22
169;6;7;8
170;18;18;99
170;10;10;82
171;16;16;232
171;11;11;38
171;13;13;161
171;7;7;32
171;7;7;33
171;5;5;8
172;16;16;31
173;14;14;98
173;15;15;27
173;11;11;114
173;19;19;79
174;22;22;448
174;20;20;185
174;13;13;50
174;7;8;17
174;8;9;24
174;20;20;254
174;15;15;213
174;14;14;113
174;19;19;193
174;18;18;177
175;10;11;50
176;7;7;18
177;5;5;24
178;9;9;59
179;12;13;20
179;12;12;23
180;19;19;337
180;15;15;202
180;5;5;22
180;17;17;133
180;20;20;180
180;11;11;70
180;21;21;269
180;10;10;16
180;8;9;26
180;14;14;50
180;14;14;156
180;4;4;14
180;18;18;138
180;7;8;20
180;8;9;30
181;9;9;51
182;17;17;225
182;21;22;437
182;7;7;38
182;10;11;59
182;17;17;100
182;10;11;61
182;5;5;9
183;19;19;202
183;17;17;256
183;9;9;18
183;5;5;10
183;16;16;194
183;3;4;7
183;16;16;33
183;18;18;179
183;22;22;341
183;13;13;163
183;20;20;203
183;12;12;120
183;20;20;294
183;11;11;116
183;18;18;151
184;15;15;35
184;20;20;375
184;21;21;163
184;22;22;362
184;7;7;38
184;14;15;174
184;21;21;165
185;8;8;26
185;11;11;43
185;15;15;173
185;15;15;27
185;4;4;6
185;20;20;255
185;10;10;78
186;11;12;60
186;18;18;119
186;18;18;199
186;18;18;314
186;10;10;15
186;9;9;60
187;14;14;167
187;19;19;116
187;21;21;277
187;5;5;13
187;17;17;102
187;17;17;164
188;20;20;207
188;13;13;22
188;18;18;152
188;15;15;54
188;5;5;13
188;6;6;10
188;22;22;393
188;20;20;204
189;16;16;24
189;12;13;23
189;21;21;197
189;13;13;94
189;21;21;163
189;19;19;227
189;12;12;25
189;21;21;188
189;14;14;106
189;16;16;171
189;10;10;19
189;7;7;16
189;11;11;45
189;19;19;328
190;14;15;182
190;9;10;17
190;11;11;22
190;7;8;24
190;4;4;10
190;12;12;19
190;17;17;253
190;15;15;33
191;12;12;22
191;10;10;18
191;18;18;167
191;14;15;190
192;11;12;71
192;10;10;22
192;13;13;26
192;16;16;95
192;22;22;372
192;10;11;65
193;19;19;338
193;16;16;101
193;10;10;17
193;6;6;12
193;5;6;7
193;6;6;15
193;6;6;19
193;15;15;32
194;3;4;9
194;14;15;23
194;22;22;395
194;21;21;427
195;12;13;25
195;9;9;43
195;17;17;263
195;6;7;10
195;13;13;99
195;8;8;36
195;7;7;24
195;10;10;21
196;18;18;145
196;9;10;19
196;7;8;30
196;8;9;36
196;14;14;120
197;17;17;210
197;12;12;45
197;11;11;65
197;11;11;67
197;14;14;60
197;11;11;95
198;17;17;176
199;9;9;64
199;19;19;118
199;10;10;59
199;10;10;25
200;10;10;61
200;22;22;37
200;15;15;62
200;7;7;18
200;12;12;110
200;13;13;80
201;10;11;67
201;17;17;166
201;20;20;39
201;15;15;190
201;19;19;248
201;5;6;8
201;6;6;20
201;5;6;9
202;16;16;235
203;13;14;22
203;10;10;90
203;10;10;25
203;16;16;214
203;22;22;366
203;12;13;27
204;16;16;28
204;6;7;11
204;8;8;37
205;6;7;13
205;13;13;117
205;9;9;57
206;9;10;21
207;16;16;95
207;10;10;16
207;9;10;24
208;8;9;39
209;20;20;213
210;7;8;31
210;19;19;275
210;18;18;196
210;13;13;112
210;8;9;55
211;8;9;58
211;12;12;51
212;14;14;170
213;20;20;308
213;18;18;265
213;12;12;24
213;11;12;73
214;8;8;14
215;11;11;118
216;11;11;87
217;21;21;204
217;15;15;28
218;15;15;98
219;7;7;44
219;6;6;28
220;18;18;167
220;12;12;77
220;22;22;42
220;6;6;8
220;10;11;78
220;16;16;238
220;19;19;241
220;20;20;277
220;14;14;87
220;14;15;26
220;13;13;154
220;5;5;7
220;17;17;178
220;6;7;15
220;6;7;18
220;6;7;23
221;8;8;53
222;8;9;31
222;16;16;210
222;18;18;227
222;16;16;97
222;15;15;118
222;15;15;50
222;19;19;261
223;17;17;38
223;19;19;142
223;9;10;32
223;7;8;33
223;4;4;8
223;12;13;47
223;7;8;41
223;21;21;278
223;10;10;59
223;12;12;24
223;18;18;269
223;19;19;34
224;11;11;89
224;11;12;78
224;19;19;37
224;5;6;11
224;21;21;206
224;3;4;10
225;11;11;100
225;19;19;39
225;10;11;79
225;6;6;9
225;11;11;17
225;6;6;12
225;11;11;106
226;9;9;16
226;22;22;128
226;15;15;196
226;17;17;276
226;16;16;134
226;5;5;10
226;21;21;235
226;21;21;88
226;16;16;256
226;14;15;32
227;14;14;174
227;12;12;26
227;12;12;26
227;20;20;335
227;20;20;366
227;14;15;194
227;10;10;35
227;5;6;13
227;19;19;286
227;18;18;197
228;16;16;248
228;3;3;7
228;11;12;82
228;11;11;20
228;11;11;109
229;11;11;22
229;11;11;111
229;11;11;117
229;7;7;30
229;13;14;25
229;17;17;64
229;15;15;198
229;7;7;26
230;5;5;13
230;5;5;14
230;19;19;245
230;8;9;33
230;19;19;263
230;14;14;101
230;8;8;16
230;13;13;126
231;11;11;18
231;21;21;239
231;13;13;133
231;9;10;39
231;10;10;19
231;15;15;120
231;12;13;49
231;9;9;68
231;21;21;33
231;16;16;60
231;22;22;421
231;17;17;197
231;17;17;286
231;16;16;159
232;16;16;34
232;18;18;220
232;9;9;16
232;18;18;275
232;18;18;118
233;15;15;206
233;20;20;323
233;22;22;467
233;20;20;332
233;19;19;155
233;20;20;283
233;13;13;113
233;10;10;43
233;10;10;44
233;10;11;81
234;8;8;51
234;4;4;4
234;19;19;75
235;11;11;27
235;6;6;15
235;7;7;37
235;19;19;76
235;19;19;77
235;22;22;46
236;16;16;31
236;7;7;12
236;7;7;12
236;5;5;18
237;21;21;428
237;8;9;40
237;16;16;221
237;6;7;25
237;13;13;128
237;11;11;21
238;17;17;32
238;20;20;383
238;9;9;70
238;19;19;270
238;20;20;146
238;18;18;218
238;18;18;324
239;17;17;199
239;17;17;158
239;16;16;68
239;15;15;132
239;16;16;161
239;9;9;24
239;21;21;306
239;4;4;10
240;18;18;306
240;21;21;41
241;15;15;29
241;19;19;157
241;9;9;46
241;4;4;6
242;4;4;7
242;12;12;23
242;5;6;17
242;12;12;124
242;9;9;56
242;6;6;26
242;13;14;27
242;6;6;30
242;16;16;36
242;16;16;57
242;21;21;86
242;11;11;41
242;10;11;99
243;11;11;43
243;11;11;92
243;17;17;66
243;13;13;134
244;22;22;463
244;14;14;24
244;10;10;72
245;9;9;15
245;11;11;54
245;7;7;16
246;22;22;51
247;7;7;28
247;7;7;34
247;6;7;32
247;8;9;44
247;7;7;37
248;18;18;282
248;7;7;46
248;9;10;41
249;16;16;226
250;11;11;23
250;21;21;273
251;7;7;12
251;10;10;65
251;20;20;355
251;14;15;35
252;19;19;290
253;12;13;58
253;21;21;273
253;7;7;43
253;17;17;72
253;19;19;292
253;13;13;54
253;20;20;390
253;14;14;62
253;7;8;43
253;4;4;10
254;13;13;22
254;15;15;212
255;13;13;127
256;12;12;25
257;12;12;126
257;16;16;80
257;21;21;48
257;15;15;196
258;9;9;74
259;13;14;29
259;20;20;330
260;10;11;101
261;17;17;108
262;17;17;219
263;15;15;49
263;14;14;148
264;19;19;113
264;15;15;198
264;13;13;20
264;11;11;62
264;5;5;20
264;16;16;35
264;15;15;25
264;19;19;294
264;19;19;310
264;17;18;26
264;7;7;39
264;15;15;28
264;6;7;35
264;16;16;97
264;22;22;473
264;19;19;331
264;13;14;55
264;8;8;22
264;9;10;50
265;16;16;229
266;13;14;57
266;14;14;90
266;9;10;53
266;20;20;174
266;18;18;261
266;16;16;86
266;4;4;8
267;14;14;56
267;13;13;50
267;17;17;88
267;7;7;16
267;7;8;47
267;13;14;69
267;4;4;11
267;19;19;276
267;14;15;48
267;7;8;49
268;22;22;36
268;8;8;60
268;6;6;8
268;13;14;77
268;20;20;170
268;12;12;106
268;11;12;95
268;16;16;223
268;19;19;194
269;11;11;74
269;11;11;64
269;9;9;21
269;20;20;346
269;8;9;53
269;6;7;37
269;6;7;38
269;19;19;319
269;17;17;230
270;18;18;273
270;14;14;90
270;10;10;21
270;16;16;112
270;10;10;38
270;10;10;21
271;7;7;12
271;8;8;28
271;18;18;210
271;16;16;158
271;8;8;36
271;9;10;55
271;4;4;14
271;12;13;66
271;14;14;172
271;13;13;164
272;4;4;16
272;20;20;357
272;20;20;178
272;4;4;7
272;22;22;48
272;13;13;52
273;21;21;299
273;4;4;4
273;12;12;29
273;16;16;26
273;11;11;68
274;21;21;51
274;9;9;20
274;8;9;55
274;19;19;115
274;16;16;31
274;21;22;41
274;15;15;204
274;12;12;119
275;11;11;21
275;20;20;348
275;10;10;13
275;18;18;293
275;11;11;26
275;19;19;333
275;15;15;37
275;11;11;19
275;16;16;42
275;20;20;371
275;22;22;41
275;17;17;110
275;12;13;71
275;21;21;36
275;8;8;51
276;10;10;46
276;14;14;52
276;4;4;5
276;4;4;6
276;15;15;84
276;4;4;7
276;17;17;138
276;13;13;122
276;16;16;56
276;16;16;119
277;14;14;60
277;16;16;130
277;16;16;124
277;17;17;240
277;6;6;9
277;13;13;70
277;8;8;14
277;14;14;71
278;19;19;196
278;14;14;87
278;13;14;79
278;5;5;18
278;7;7;11
278;21;21;316
279;7;7;15
279;14;14;81
279;5;6;18
279;21;21;393
279;14;14;83
279;16;16;77
279;14;14;140
280;18;18;295
280;15;15;27
280;16;16;225
280;8;9;60
280;15;15;99
280;12;12;49
280;8;9;63
280;12;12;121
281;12;12;51
281;14;15;63
281;18;18;35
281;20;20;198
281;10;10;14
281;16;16;248
281;6;6;13
281;12;12;132
281;7;7;14
281;17;18;33
282;22;22;82
282;18;18;298
282;18;18;42
282;9;9;78
282;11;11;27
282;12;12;74
283;4;4;11
283;11;11;48
283;12;12;76
283;8;8;55
283;8;8;56
283;20;20;190
283;16;16;101
283;15;15;138
284;12;12;81
284;14;14;172
284;8;8;13
284;11;11;18
284;21;21;41
285;22;22;47
285;8;8;19
285;19;19;324
285;12;12;23
285;21;21;43
285;16;16;110
285;22;22;92
285;15;15;28
286;13;14;83
287;17;17;124
287;9;9;24
287;5;6;22
287;5;6;23
287;22;22;90
288;20;20;368
288;11;11;83
288;8;8;56
288;16;16;135
288;8;9;65
288;10;10;40
289;15;15;33
289;18;18;150
289;17;17;232
289;15;15;163
289;13;13;110
289;8;8;12
290;10;10;15
290;21;22;43
290;8;8;18
290;18;18;39
291;17;18;35
291;12;12;24
291;15;16;22
291;14;14;103
291;7;7;9
292;11;11;52
293;14;14;117
293;4;5;6
293;4;4;8
293;10;10;54
293;9;9;18
293;9;9;20
294;14;15;84
294;11;12;97
295;14;15;85
295;12;13;73
295;12;12;25
295;6;6;15
295;8;8;34
295;5;5;20
296;15;15;129
296;13;14;85
297;18;18;168
297;15;15;32
298;14;15;94
299;11;11;69
299;5;6;25
299;9;9;34
300;11;11;85
300;16;16;177
300;20;20;316
300;19;19;151
301;8;8;15
301;13;13;122
302;17;17;237
302;19;19;36
303;18;18;316
304;21;22;45
305;11;11;104
305;4;5;7
305;19;19;38
305;13;13;166
306;11;11;72
307;21;21;327
307;14;14;110
308;17;18;37
309;4;4;10
310;16;16;240
311;22;22;83
311;21;21;44
312;14;15;119
312;15;15;214
312;12;13;74
312;12;12;99
312;8;8;16
312;6;6;19
312;9;9;37
312;8;8;45
312;18;18;190
312;8;8;47
312;15;15;97
312;11;12;109
312;19;19;278
312;18;18;40
312;5;5;11
312;10;10;18
312;13;13;139
312;13;13;30
312;15;15;106
312;13;14;98
312;7;7;16
312;13;13;124
313;8;8;26
314;9;10;56
314;21;21;236
314;8;8;34
314;19;19;233
314;19;19;35
314;8;8;42
314;4;5;9
314;13;14;111
314;15;16;27
314;8;8;50
315;13;14;113
315;19;19;40
315;21;21;384
315;19;19;74
315;16;16;130
315;19;19;43
315;21;21;83
315;21;21;109
315;20;20;44
315;15;15;68
315;11;11;69
315;7;7;10
315;14;14;119
315;12;12;101
316;9;9;39
316;8;8;18
316;7;7;14
316;20;20;48
316;10;10;74
316;5;5;9
317;14;14;24
317;8;8;54
317;8;9;66
317;13;13;77
317;9;9;36
317;15;15;133
317;11;12;111
317;12;12;138
317;10;10;20
317;12;12;124
317;13;13;83
318;19;19;42
318;6;6;8
318;6;6;11
318;11;12;119
318;6;6;14
318;19;19;153
318;11;12;121
318;16;16;247
319;17;17;31
319;14;14;132
319;13;14;129
319;10;10;58
319;19;19;76
319;7;7;16
319;6;6;26
319;5;5;11
320;12;13;84
320;17;17;263
320;10;10;83
320;21;21;399
320;4;4;11
321;14;15;125
321;10;10;88
321;20;20;40
321;16;16;62
321;19;19;66
321;8;8;13
321;12;12;126
321;21;21;82
321;16;16;196
321;18;18;46
321;12;12;129
321;6;6;17
322;7;7;20
322;11;11;112
322;18;18;36
322;13;13;149
322;11;11;100
322;14;14;157
322;11;11;102
323;11;11;106
323;15;15;150
323;14;14;161
323;17;18;71
323;8;8;10
324;12;12;19
324;18;18;34
324;15;16;35
324;22;22;165
324;12;12;22
324;18;18;102
324;12;12;24
324;15;15;86
324;10;10;56
325;11;11;21
325;16;16;135
325;12;12;80
325;21;21;85
325;15;15;157
325;7;7;13
325;22;22;179
325;9;10;66
325;13;14;131
325;20;20;256
325;16;16;25
325;17;17;27
325;17;17;265
325;20;20;322
325;6;6;29
325;22;22;91
326;21;21;329
326;17;17;278
326;4;4;5
326;9;9;48
326;20;20;123
326;17;17;70
326;8;8;19
326;10;10;22
327;8;8;17
327;21;21;84
327;6;6;26
327;4;5;11
327;7;7;33
327;7;7;34
327;19;19;189
327;16;16;182
327;19;19;235
327;19;19;191
327;17;18;73
328;19;19;112
328;21;22;50
328;13;13;144
329;14;15;148
329;11;11;26
329;12;12;29
329;18;18;60
329;11;11;16
330;7;7;19
330;12;12;88
330;9;10;69
330;5;5;14
331;22;22;198
331;16;16;31
331;7;7;19
331;11;11;108
331;16;16;33
331;10;10;64
332;14;14;150
332;12;13;92
332;17;17;38
332;17;18;91
333;4;4;6
333;4;4;8
333;9;9;75
333;17;17;41
333;6;6;28
333;10;10;15
333;10;10;25
333;8;8;34
333;12;12;92
333;21;21;176
334;8;8;11
334;13;13;50
334;8;8;52
334;15;16;38
334;13;13;52
335;8;8;56
335;11;11;23
335;11;11;88
335;20;20;124
336;17;17;37
336;8;8;13
336;13;13;150
336;11;11;35
337;8;8;19
337;5;5;9
337;5;5;11
337;22;22;200
337;9;9;14
337;21;22;56
338;21;21;118
338;13;13;72
338;11;11;48
338;19;19;227
338;21;21;156
338;22;22;460
338;8;8;50
338;19;19;229
338;11;11;20
338;12;12;49
338;14;15;156
338;18;18;301
338;14;14;142
339;22;22;204
339;15;15;215
339;16;16;143
339;16;16;38
339;13;13;52
339;21;21;402
340;4;4;11
340;9;9;77
341;15;15;82
341;20;20;148
341;4;5;12
342;6;6;11
342;10;10;27
342;10;10;29
343;8;8;12
344;15;15;120
344;7;7;12
345;18;18;188
345;13;14;134
345;10;10;41
345;17;17;36
346;10;10;43
346;15;15;164
347;14;14;24
347;5;5;14
347;11;11;95
347;14;14;178
348;17;17;59
348;11;11;48
348;9;9;17
349;20;20;342
349;15;15;205
350;11;11;51
351;9;10;79
351;21;21;138
351;7;7;29
351;13;13;138
351;8;8;52
351;20;20;37
351;18;18;72
351;13;13;22
351;12;12;136
351;12;12;104
351;18;18;94
351;13;13;92
352;12;13;95
353;20;20;298
353;4;4;12
354;18;18;156
354;16;16;41
355;19;19;265
355;6;6;14
356;12;12;74
357;6;6;18
357;8;8;15
357;16;16;150
358;17;17;161
359;14;14;162
359;9;9;18
360;12;12;84
361;13;14;139
361;17;18;107
362;22;22;226
363;11;11;103
363;17;17;64
364;19;19;272
364;10;10;68
364;15;15;175
364;11;11;22
364;7;7;31
364;17;17;66
364;15;16;62
364;14;15;157
364;7;7;44
364;17;17;32
364;8;8;13
364;15;15;186
364;12;12;112
364;14;14;52
364;4;4;5
364;17;17;181
364;16;16;184
364;20;20;45
364;6;7;6
364;15;15;32
364;21;22;87
364;20;20;148
364;4;5;15
364;10;10;36
364;7;7;14
365;8;8;27
366;16;16;152
366;11;11;46
366;19;19;109
366;14;14;24
366;5;5;19
367;13;14;141
367;21;21;364
367;20;20;362
367;17;18;109
367;13;13;73
367;12;12;23
367;16;16;66
367;16;17;31
367;9;9;60
367;6;7;8
367;21;21;167
367;16;17;33
367;16;16;187
367;15;15;194
368;9;9;15
368;6;6;23
368;4;5;16
368;4;5;17
368;18;18;247
368;15;16;88
368;8;8;21
368;4;4;9
368;5;5;21
368;8;8;37
368;22;22;50
368;7;7;33
369;22;22;248
369;16;16;198
369;16;16;233
369;19;19;274
369;11;11;66
369;10;10;62
369;17;17;150
369;12;12;20
369;13;14;153
369;11;11;60
369;12;12;107
369;7;7;46
369;9;9;40
370;13;13;28
370;15;15;110
370;19;19;278
370;12;13;97
370;21;21;46
371;18;18;305
371;4;4;6
371;14;14;196
371;21;21;409
371;19;19;164
371;9;10;81
371;13;13;19
371;10;10;78
371;6;7;9
371;9;9;72
371;13;13;23
371;15;15;26
372;21;21;169
372;21;21;267
372;17;17;34
372;8;8;16
372;14;15;166
372;6;6;24
372;21;22;89
373;17;17;75
373;15;15;201
373;5;5;22
373;17;17;178
373;5;5;9
373;20;20;202
373;20;20;39
373;16;16;24
373;14;14;84
373;14;14;79
373;21;21;210
373;15;15;94
374;21;21;86
374;20;20;376
374;17;18;116
374;16;16;30
374;14;14;27
375;16;16;138
375;10;10;78
375;10;10;73
375;14;14;31
375;18;18;130
375;9;9;43
375;11;11;68
376;15;16;108
376;7;7;14
376;11;11;50
376;13;14;160
376;19;19;240
376;4;4;8
376;10;10;89
377;18;18;134
377;12;12;28
377;11;11;107
377;13;13;42
377;21;21;411
377;15;15;102
377;19;19;168
377;12;13;112
377;13;13;145
377;16;17;35
377;12;12;54
377;21;21;414
377;13;13;31
378;9;9;19
378;20;20;249
378;10;10;24
378;6;6;10
378;7;7;20
378;6;6;14
378;6;6;18
378;12;12;69
378;8;8;46
378;8;8;34
378;5;5;12
379;11;11;17
379;5;5;16
379;5;5;18
379;19;19;267
379;7;7;36
379;14;14;81
379;16;16;133
379;13;13;56
379;20;20;216
379;14;14;85
380;10;10;83
380;12;12;114
380;16;16;34
380;10;10;85
380;9;9;56
380;17;17;60
381;14;14;58
381;21;21;209
381;19;19;287
381;14;14;105
381;16;16;150
381;10;10;14
381;12;12;40
381;21;21;211
382;17;18;128
382;13;13;30
382;13;13;57
382;15;16;124
382;7;7;41
382;8;8;21
383;7;7;47
383;14;14;109
383;14;15;169
383;15;15;121
383;9;9;23
383;21;21;292
383;7;7;25
383;12;13;119
383;6;6;19
383;14;14;116
384;10;10;38
384;10;10;100
384;7;7;32
384;12;12;66
385;17;17;239
385;7;7;38
385;22;22;94
385;15;15;132
385;12;12;116
386;21;21;112
386;17;17;31
386;16;16;42
386;4;4;11
386;22;22;346
386;22;22;376
387;14;14;131
387;19;19;316
387;13;13;23
387;16;17;63
387;16;16;147
387;15;16;149
388;20;20;126
388;6;7;11
388;9;9;15
388;21;22;125
388;17;17;106
388;16;16;64
388;19;19;194
389;15;15;34
389;21;22;127
389;5;5;9
389;13;13;68
389;11;11;90
389;14;15;175
389;12;12;19
389;6;6;24
389;14;14;154
389;17;17;235
390;18;18;33
390;10;10;44
390;14;15;181
390;8;8;42
390;12;12;81
390;22;22;324
390;14;14;164
390;18;18;315
390;15;15;133
390;13;14;164
390;18;18;184
390;9;9;61
390;16;16;182
390;19;19;311
390;16;16;107
390;12;12;98
390;11;11;79
390;6;7;12
390;6;7;13
390;10;10;19
390;6;7;15
390;6;7;16
390;9;9;21
390;10;10;18
390;19;19;303
390;14;14;117
390;18;18;170
390;19;19;196
390;19;19;305
390;15;15;152
390;14;14;121
390;11;11;72
390;5;5;11
390;5;5;14
390;12;13;121
391;6;6;27
391;6;6;28
391;9;9;51
391;7;7;27
391;17;17;120
391;17;17;237
391;8;8;60
392;16;16;129
392;17;18;143
392;13;13;73
392;11;11;26
392;15;15;30
392;8;8;48
392;12;12;136
392;21;21;40
392;21;21;35
393;14;15;190
393;11;11;15
393;18;18;29
393;18;18;230
393;21;21;309
394;20;21;31
394;16;16;163
395;12;12;110
395;20;20;248
395;12;12;22
395;22;22;386
396;12;12;116
397;12;13;129
397;20;20;295
397;12;13;131
397;19;19;46
397;20;20;136
397;5;5;8
398;18;18;70
398;8;8;44
398;9;9;78
399;20;20;299
400;11;11;29
401;15;15;32
401;9;9;64
401;12;13;143
401;22;22;328
401;21;21;42
401;17;17;29
402;14;15;191
402;4;4;12
402;17;17;277
402;11;11;46
402;15;15;208
402;11;11;16
402;21;21;38
402;15;15;64
402;13;13;132
402;18;18;255
402;17;17;157
402;12;12;20
402;15;15;200
402;8;9;11
402;6;7;19
402;9;9;28
402;19;19;234
402;12;12;21
402;13;13;29
402;14;14;176
403;18;18;261
403;15;15;201
403;13;14;167
403;14;14;180
403;21;22;175
404;18;18;39
404;14;14;182
405;19;19;324
406;21;22;177
406;16;16;38
406;22;22;134
406;12;12;24
406;10;10;24
406;16;16;56
407;19;19;313
407;10;10;20
407;12;12;122
407;12;12;29
408;7;7;35
408;10;10;24
408;5;5;22
408;19;19;254
408;5;5;7
408;15;16;168
408;17;18;145
408;21;21;320
408;9;9;66
409;9;9;67
409;18;18;187
410;12;13;145
411;8;8;55
412;20;20;123
413;16;16;181
413;14;14;168
413;9;9;14
414;12;12;23
414;17;17;131
414;15;15;210
414;15;15;26
414;18;18;34
414;16;17;65
414;19;19;218
414;8;9;12
414;6;7;20
414;8;9;13
414;6;7;21
414;9;9;34
414;8;9;16
415;12;12;29
416;9;9;36
417;8;9;18
418;13;14;169
419;15;15;203
419;12;12;25
420;11;11;80
420;11;11;102
420;20;21;35
420;19;19;74
420;9;9;58
420;16;16;153
420;14;14;23
420;7;7;38
420;21;21;51
420;14;14;54
420;18;18;45
420;13;13;75
420;5;5;8
420;10;10;41
420;14;14;60
420;17;17;34
420;12;12;63
420;11;11;96
420;8;8;12
420;9;9;17
421;14;14;22
422;11;11;22
422;4;4;8
422;19;19;341
422;12;12;28
422;20;20;287
422;8;9;21
422;6;7;26
422;15;15;61
422;13;13;21
422;20;20;374
422;20;20;315
423;16;16;205
423;13;13;35
423;8;8;11
423;13;14;172
423;17;17;196
423;17;17;28
423;10;10;28
423;15;16;196
423;9;10;12
423;14;14;26
423;20;21;40
424;7;7;40
424;16;16;208
424;20;21;42
424;9;9;66
424;14;14;35
424;21;21;335
425;8;8;48
425;5;5;15
425;21;21;426
425;17;17;39
425;10;10;51
425;16;17;95
425;13;13;89
425;21;21;92
425;11;11;26
425;14;14;171
426;4;4;12
426;18;18;222
426;19;19;343
426;8;9;25
426;6;7;27
426;11;11;31
426;6;7;29
426;6;7;30
426;12;12;86
427;13;13;101
427;17;17;174
427;22;22;458
427;11;11;44
427;12;12;46
427;12;12;42
427;20;20;378
427;8;8;12
427;17;18;162
427;11;11;82
427;20;20;297
427;21;21;380
427;13;13;118
427;17;17;31
428;19;19;76
428;13;13;33
428;9;10;14
428;21;22;200
428;7;7;41
428;16;16;155
429;20;20;324
429;14;14;58
429;16;16;105
429;17;17;37
429;8;8;52
429;5;5;20
430;21;21;337
430;15;15;23
430;17;17;36
430;8;8;10
430;9;9;15
430;19;19;118
430;17;17;247
430;19;19;256
430;16;17;97
431;20;21;47
431;14;14;175
431;19;19;350
431;12;12;68
431;10;10;55
431;9;9;26
431;15;16;220
431;15;15;28
431;15;15;63
431;13;13;88
432;19;19;346
432;17;17;102
432;6;7;31
432;8;9;37
433;15;15;164
433;8;9;38
433;6;6;11
433;8;9;41
433;6;6;13
433;8;9;42
433;8;8;15
433;6;6;21
433;16;16;248
433;14;14;188
434;22;22;462
434;11;11;58
434;20;20;233
434;21;21;272
434;20;20;152
434;12;12;58
434;12;12;102
434;17;18;169
434;9;10;15
434;10;10;34
435;11;11;53
435;9;10;18
435;17;18;171
435;16;16;120
435;9;10;23
435;13;13;118
435;18;18;78
435;14;14;145
435;9;10;40
435;22;22;460
435;8;8;11
435;13;13;135
435;16;16;29
435;21;21;84
435;9;9;21
436;16;16;219
436;21;22;209
436;20;20;362
436;13;13;27
437;14;15;24
437;4;4;7
437;21;21;346
437;15;15;30
437;19;19;260
437;19;19;98
437;13;13;79
437;8;8;17
437;6;6;26
438;9;9;45
438;21;21;400
438;8;8;23
438;19;19;268
438;13;13;19
438;20;20;370
438;8;9;53
438;11;11;85
439;21;21;380
439;10;10;94
439;11;11;118
439;18;18;240
439;12;12;74
439;14;14;189
439;12;12;107
439;20;20;48
439;14;14;24
439;18;19;35
440;13;13;127
440;11;11;71
440;14;14;73
441;22;22;407
441;22;22;426
442;12;12;127
442;10;10;67
442;15;15;29
442;18;18;188
442;17;17;41
442;10;10;56
443;16;16;221
443;13;13;123
443;13;13;149
443;4;4;9
443;4;4;12
443;16;17;101
443;14;15;27
443;22;22;211
443;19;19;249
443;13;13;54
444;9;9;61
444;6;6;27
444;17;17;261
445;9;9;54
445;15;15;74
445;9;9;73
445;14;14;26
445;21;21;42
445;15;16;224
446;8;8;29
446;19;19;106
446;18;18;204
446;19;19;269
446;18;18;104
446;13;13;25
447;11;11;92
447;9;9;14
447;18;18;29
447;12;12;111
447;13;13;30
447;13;13;28
448;13;13;129
448;19;19;37
448;18;19;37
449;16;16;113
449;12;12;83
449;9;9;32
449;12;12;84
449;9;9;34
449;18;19;39
450;14;14;30
450;7;7;12
450;8;8;12
450;9;9;44
450;9;10;53
450;20;20;242
450;16;16;37
450;17;17;120
450;10;10;76
450;18;19;44
450;19;19;352
451;11;11;18
451;4;4;13
451;11;11;69
451;20;21;53
451;16;17;103
451;11;11;98
452;14;15;29
452;21;21;402
452;16;16;30
453;6;6;30
453;13;13;24
453;12;12;24
453;18;18;228
454;17;17;169
454;10;10;74
455;18;18;316
455;17;17;216
455;8;8;35
456;8;9;58
456;17;17;267
457;18;18;267
457;21;21;44
458;20;20;376
458;11;11;60
458;16;16;226
458;17;17;199
459;18;18;236
459;17;18;179
460;15;15;123
461;17;17;69
461;18;18;32
461;19;19;39
461;18;19;66
462;7;7;14
463;15;15;31
463;8;8;18
463;8;8;21
463;12;12;96
464;13;13;140
464;8;8;25
465;9;10;64
465;10;10;58
465;12;12;65
465;9;9;70
465;12;12;131
465;18;19;71
465;10;10;82
465;11;11;20
466;21;21;330
467;15;15;62
467;19;19;272
467;14;14;90
467;11;11;102
468;16;16;128
468;11;11;105
468;22;22;231
468;21;22;211
468;21;21;195
468;10;10;16
468;6;6;11
468;15;15;32
468;6;6;13
468;17;17;134
469;16;16;239
469;21;21;406
470;16;17;118
471;13;13;92
472;16;16;229
473;11;11;62
473;8;8;53
473;15;15;92
473;17;17;71
474;22;22;48
474;12;12;126
474;14;14;92
474;8;8;32
474;13;13;106
474;10;10;18
474;19;19;68
474;17;17;228
474;20;20;266
474;10;10;70
474;9;9;62
474;18;19;73
474;9;10;76
475;18;18;249
476;18;18;43
477;20;20;282
478;12;12;117
479;14;14;49
479;19;19;274
480;13;13;150
480;11;11;107
480;12;12;124
480;14;14;183
480;6;6;16
480;8;9;62
480;16;16;170
480;17;17;136
480;20;20;36
480;14;14;27
480;10;10;19
480;17;18;181
480;17;17;25
480;17;17;179
480;13;13;33
480;15;15;125
480;9;9;72
480;21;22;219
480;12;12;44
480;16;17;127
480;7;7;11
481;17;17;216
482;22;22;36
482;16;16;30
482;12;12;28
482;15;15;90
482;11;11;92
482;20;20;268
482;12;12;77
482;19;19;197
482;15;15;39
482;22;22;41
483;15;15;112
483;18;18;251
483;12;12;42
483;14;15;31
483;15;15;114
483;13;13;60
483;10;10;61
483;21;21;398
483;6;6;30
483;10;10;18
483;6;6;11
483;16;16;174
483;21;21;85
483;14;14;32
484;10;10;28
484;8;8;15
484;8;8;30
484;21;21;438
484;6;6;13
484;15;15;52
484;12;12;50
484;16;16;66
484;8;8;17
484;21;21;224
484;20;20;280
485;21;21;87
485;10;10;34
485;14;14;147
485;22;22;34
485;16;17;129
485;13;13;24
485;7;7;14
485;10;10;95
486;16;16;90
486;17;18;190
486;19;19;315
486;9;9;14
486;16;16;189
486;14;14;48
486;11;11;20
486;22;22;39
486;12;12;48
487;18;18;255
487;22;22;37
487;21;22;221
487;16;16;34
487;16;16;88
487;13;13;76
487;21;21;195
487;12;12;82
487;9;9;68
487;11;11;69
487;9;10;80
487;20;20;109
488;19;19;38
488;13;13;83
488;6;6;16
488;18;18;111
488;19;19;211
488;15;15;95
488;15;15;199
488;18;19;94
489;22;22;47
489;8;8;51
489;20;20;68
489;14;15;40
489;17;17;34
489;17;17;30
489;14;14;30
489;14;14;114
489;21;21;228
489;15;15;216
489;16;16;222
489;15;15;218
489;19;19;42
489;16;16;157
489;17;17;232
489;7;7;17
490;10;10;20
490;7;7;20
490;16;16;227
490;8;8;51
491;21;21;33
491;16;16;230
491;13;13;23
491;15;15;92
491;13;13;98
491;15;15;23
492;17;17;250
492;22;22;188
492;18;18;38
492;19;19;326
492;22;22;48
492;21;21;419
492;6;6;20
492;13;13;87
492;20;20;298
493;22;22;49
493;12;12;100
493;20;21;113
493;18;18;99
493;20;20;118
493;21;21;360
493;8;8;11
493;12;12;46
494;10;10;42
494;8;8;18
494;8;8;21
494;9;9;17
494;17;18;215
495;15;15;30
495;19;19;173
495;14;15;55
495;17;18;217
495;18;19;107
495;17;17;45
495;15;15;94
495;14;15;57
495;22;22;42
495;9;9;11
495;18;19;109
495;21;21;421
495;11;11;66
495;17;17;104
495;10;10;53
496;21;21;41
496;21;21;113
496;21;22;242
496;16;16;36
496;13;13;137
496;18;18;270
496;6;6;28
496;11;11;74
496;20;20;150
496;15;15;34
496;12;12;61
497;21;21;202
497;20;20;384
497;8;8;38
497;9;9;19
497;13;13;113
498;15;15;60
498;18;19;122
498;20;20;120
498;21;21;51
498;9;9;30
498;17;17;274
498;20;20;313
499;13;13;29
499;17;17;243
499;16;16;58
499;8;8;32
499;22;22;206
499;16;16;162
499;14;14;142
499;9;9;59
499;20;20;280
499;12;12;106
500;15;15;80
500;18;18;72
500;6;6;32
500;14;14;150
500;22;22;83
501;11;11;78
501;8;8;47
501;10;10;86
501;9;9;14
501;11;11;98
501;12;12;52
501;10;10;49
501;8;8;32
501;16;16;59
501;17;18;237
501;13;13;100
501;16;17;144
501;20;20;115
502;10;10;20
502;16;16;177
502;9;9;13
502;19;19;72
502;22;22;44
502;11;11;84
503;19;19;202
503;10;10;34
503;14;14;22
503;10;10;44
503;14;14;145
503;20;21;131
503;14;15;66
503;18;18;163
504;6;6;22
504;6;6;28
504;20;20;166
504;18;18;150
504;18;18;274
505;10;10;69
505;8;8;49
505;12;12;62
505;15;15;154
506;16;16;27
506;8;8;42
506;20;20;331
506;8;8;54
506;7;7;34
506;17;18;239
507;14;14;170
507;13;13;76
507;17;17;106
507;13;13;82
507;16;16;90
507;20;20;297
507;21;21;36
507;22;22;46
507;17;17;28
507;15;15;144
507;13;13;132
507;22;22;84
508;20;20;152
508;21;21;271
508;16;16;236
508;22;22;74
508;21;21;41
509;15;15;37
509;18;19;143
509;21;21;120
509;21;21;43
509;13;13;133
509;17;17;171
510;19;19;36
510;8;8;56
510;11;11;104
510;20;20;171
510;10;10;84
510;16;16;213
510;8;8;15
510;15;15;29
510;8;8;43
510;18;18;33
510;21;21;171
510;9;9;14
510;16;16;34
510;20;20;168
510;17;17;108
510;12;12;91
510;22;22;93
510;15;15;128
510;16;16;92
510;12;12;18
510;17;17;31
510;16;17;152
510;22;22;51
510;17;18;251
510;14;14;28
510;9;9;17
510;13;13;144
510;17;17;37
510;19;19;38
510;13;13;146
510;22;22;88
511;7;7;39
511;11;11;113
511;15;15;156
511;9;9;20
512;22;22;260
512;14;15;89
512;18;18;39
512;13;13;78
512;20;21;172
512;19;19;74
512;20;20;117
512;19;19;254
512;6;6;10
512;17;18;253
513;17;17;149
513;9;9;19
513;14;14;30
513;18;19;145
513;16;17;159
513;21;21;299
513;12;12;121
513;16;17;161
514;12;12;42
514;18;18;185
515;16;16;234
515;19;19;73
515;10;10;88
516;14;14;30
516;15;15;31
517;19;19;75
517;16;16;115
517;17;17;264
517;16;17;169
517;15;15;210
517;20;20;205
518;16;17;171
518;7;7;41
519;8;8;17
519;7;7;42
519;18;18;172
519;22;22;92
519;13;13;160
519;19;19;160
519;14;14;21
520;16;16;39
521;9;9;23
521;11;11;18
521;16;16;67
521;18;18;293
522;13;13;17
522;20;20;44
522;11;11;86
523;15;15;64
523;12;12;72
523;21;21;90
523;21;21;173
524;20;20;121
525;6;6;33
525;16;16;70
525;13;13;145
525;22;22;54
526;20;20;305
527;9;9;35
527;17;17;204
527;20;21;186
528;12;12;52
528;16;16;238
528;12;12;132
528;15;15;36
528;22;22;423
528;17;18;269
528;14;14;88
528;20;20;219
528;22;22;113
529;18;18;174
529;7;7;11
530;10;10;36
531;8;8;38
531;14;15;91
532;17;17;139
533;8;8;45
533;14;14;27
534;12;12;28
534;8;8;54
535;11;11;30
535;13;13;138
536;21;21;132
537;13;13;18
537;17;17;109
537;19;19;280
537;21;22;293
538;21;21;31
539;12;12;79
539;14;14;86
540;9;9;37
541;15;15;189
541;22;22;256
542;13;13;151
543;22;22;146
543;16;16;92
544;19;19;84
544;7;7;17
544;10;10;44
544;18;18;275
544;20;21;192
544;18;18;199
544;15;15;34
544;14;14;102
544;14;15;98
544;15;15;59
544;19;19;295
544;9;9;27
544;16;16;94
544;18;19;162
544;14;14;32
544;19;19;103
544;13;13;19
544;11;11;40
544;16;16;172
544;13;13;24
544;19;19;46
544;17;18;287
544;19;19;256
544;14;14;88
544;10;10;54
544;20;21;198
545;11;11;55
546;12;12;95
546;13;13;28
546;21;21;114
546;20;20;311
546;15;15;199
546;16;16;185
546;9;9;62
546;17;17;141
547;17;17;27
547;15;15;90
547;18;18;221
547;10;10;57
547;20;20;34
547;9;9;32
547;17;17;177
547;9;9;34
547;22;22;121
547;20;20;250
548;13;13;23
548;21;21;207
548;11;11;42
548;14;15;111
549;15;15;145
549;14;14;120
549;16;16;138
549;14;15;113
549;13;13;28
549;17;18;289
549;8;8;20
549;21;22;295
549;15;15;87
550;20;20;185
550;14;14;118
550;12;12;59
550;12;12;114
550;16;16;90
550;21;21;214
550;7;7;26
550;11;11;63
550;19;19;110
550;18;19;179
550;19;19;121
550;9;9;71
551;10;10;59
551;21;21;46
551;15;15;61
551;9;9;40
551;14;14;35
551;9;9;41
551;9;9;44
551;21;21;151
551;8;8;49
551;16;17;191
552;16;16;229
552;9;9;57
552;22;22;89
552;19;19;299
553;9;9;67
553;8;8;28
553;10;10;56
553;21;21;132
553;7;7;28
553;20;20;291
553;17;17;30
553;7;7;36
553;19;19;112
553;21;21;216
553;9;9;73
553;10;10;60
553;17;17;202
553;15;15;205
553;7;7;9
553;14;14;133
554;15;15;164
554;22;22;446
554;19;19;145
554;17;17;174
554;22;22;317
554;22;22;139
554;13;13;25
554;20;20;273
554;20;21;227
554;13;13;29
554;8;8;14
555;13;13;34
555;8;8;18
555;11;11;70
555;22;22;91
555;8;8;27
555;9;9;12
555;12;12;19
555;18;19;181
555;11;11;65
555;12;12;75
555;14;15;128
555;7;7;10
556;12;12;104
556;17;17;41
556;14;14;177
556;9;9;13
556;20;21;239
557;15;15;150
557;19;19;308
557;16;17;193
557;18;18;292
557;14;14;144
557;15;15;132
557;14;14;48
557;19;19;108
558;18;18;296
558;17;17;176
558;22;22;316
558;17;17;204
558;14;14;181
558;12;12;123
558;9;9;17
559;21;21;403
559;20;20;303
559;14;14;135
559;20;20;105
559;13;13;30
559;16;16;36
559;21;21;55
560;17;17;30
560;20;20;216
560;18;18;284
560;16;16;207
560;15;15;119
560;18;18;36
560;11;11;73
560;12;12;20
560;13;13;102
560;18;19;184
560;22;22;167
560;20;21;251
560;15;15;28
560;18;18;29
561;21;21;389
561;20;20;315
561;14;14;25
561;17;17;218
561;16;16;220
561;19;19;339
561;16;16;222
561;10;10;71
561;18;18;200
561;12;12;50
561;17;17;35
561;20;20;156
561;9;9;13
561;8;8;35
561;14;14;138
561;13;13;33
561;14;14;146
561;22;22;177
561;19;19;147
561;19;19;205
562;13;13;37
562;12;12;28
562;13;13;148
562;16;16;23
562;17;17;209
562;15;15;121
562;18;18;38
562;7;7;11
563;13;13;104
563;14;15;132
563;14;14;68
563;15;15;30
563;18;19;189
563;12;12;85
563;18;18;294
563;18;19;191
564;16;16;58
564;9;9;19
564;18;18;32
564;21;21;203
565;8;8;36
565;16;16;32
565;20;20;275
565;9;9;20
565;21;21;185
565;22;22;271
565;12;12;63
565;21;21;75
565;19;19;149
565;19;19;33
565;10;10;67
565;7;7;17
565;17;17;211
566;22;22;183
566;15;15;153
566;17;17;105
566;21;22;351
566;11;11;97
566;16;17;223
566;10;10;74
566;9;9;25
567;20;20;337
567;22;22;346
567;18;18;299
567;15;15;168
567;14;14;87
567;16;16;66
567;14;14;31
567;17;17;211
568;9;9;48
568;15;15;52
568;16;16;34
568;9;9;23
568;14;14;143
569;22;22;143
569;22;22;194
569;9;9;60
569;15;15;57
569;18;18;43
569;15;15;34
569;12;12;128
569;20;20;240
570;16;16;30
570;15;15;158
570;13;13;56
570;20;21;304
571;13;13;150
571;17;17;70
571;16;17;225
571;19;19;159
571;19;19;45
571;20;20;335
572;16;16;92
572;12;12;18
572;14;15;149
572;11;11;81
573;10;10;87
573;16;16;98
573;15;15;166
573;20;20;162
573;18;19;200
573;9;9;28
574;21;21;223
574;21;21;91
574;19;19;42
574;12;12;31
574;16;17;237
574;14;14;28
574;20;21;34
574;12;12;82
575;7;7;21
575;12;12;44
575;17;17;264
575;20;20;243
575;21;22;353
575;12;12;52
575;15;15;185
575;10;10;42
576;22;22;216
576;18;18;264
577;14;15;151
577;17;17;244
577;10;10;52
577;14;14;97
577;21;21;280
577;11;11;93
578;15;15;195
578;7;7;26
578;16;16;32
578;7;7;28
578;16;17;239
578;10;10;70
578;20;20;344
578;17;17;145
578;13;13;24
578;14;14;82
578;7;7;10
578;11;11;103
578;14;14;84
578;13;13;96
578;20;20;248
578;22;22;50
578;16;16;100
578;18;19;215
579;15;15;196
579;15;15;219
579;19;19;249
580;18;19;217
580;21;21;38
580;21;21;231
580;20;21;37
580;20;20;181
581;20;21;340
581;10;10;71
581;19;19;184
581;14;15;164
581;15;15;209
581;17;17;266
581;13;13;32
581;16;16;98
582;17;17;149
582;15;15;211
583;22;22;218
583;15;15;23
583;11;11;18
583;13;13;98
584;17;17;267
584;17;17;153
584;12;12;99
585;8;8;52
585;11;11;30
585;22;22;243
586;16;16;139
586;16;17;255
586;11;11;34
587;19;19;311
587;21;21;343
587;18;18;232
587;14;14;172
588;13;13;116
589;9;9;55
589;15;15;59
589;12;12;74
590;21;22;377
590;16;16;120
590;19;19;186
590;16;16;34
591;20;20;184
592;10;10;77
592;14;14;114
593;11;11;42
593;20;21;345
593;13;13;26
593;16;16;100
594;20;21;45
595;22;22;152
595;10;10;85
595;21;21;42
595;17;17;246
595;21;21;129
595;17;17;237
595;16;16;142
595;15;15;34
595;8;8;14
595;16;17;257
595;22;22;404
595;15;15;37
595;21;21;345
595;12;12;69
595;18;18;109
595;18;18;184
595;7;7;22
595;22;22;306
596;20;20;200
596;11;11;40
597;19;19;262
598;8;8;16
599;8;8;18
599;12;12;111
599;21;21;265
599;17;17;162
600;16;16;148
601;22;22;230
601;13;13;122
602;20;20;380
602;14;15;195
603;16;16;153
604;13;13;28
605;21;22;379
605;17;17;251
605;19;19;208
605;19;19;325
606;15;15;76
607;10;10;80
607;14;14;118
608;20;21;371
609;16;16;142
610;20;20;372
611;14;14;124
611;18;18;250
612;18;18;240
612;11;11;44
612;9;9;12
612;14;14;26
612;11;11;42
612;18;18;302
612;12;12;124
612;16;16;43
612;14;14;130
612;19;19;264
612;18;19;251
612;19;19;115
612;8;8;33
612;12;12;137
612;10;10;89
612;16;16;164
612;12;12;87
612;14;15;197
612;20;20;211
612;13;13;34
612;15;15;222
612;21;21;308
612;10;10;84
612;10;10;85
612;13;13;44
612;20;21;89
612;16;16;136
612;13;13;44
613;9;9;13
614;22;22;294
614;9;9;16
614;20;21;376
614;7;7;40
614;9;9;20
614;14;14;30
614;15;15;92
614;22;22;179
615;18;18;306
615;18;18;101
615;19;19;221
615;17;17;164
615;18;19;253
615;19;19;223
615;17;17;182
615;16;16;33
615;13;13;130
615;18;18;148
616;16;16;166
616;14;14;150
616;16;16;164
616;16;16;201
616;16;16;221
616;12;12;103
616;14;14;128
616;18;18;186
616;16;16;65
616;22;22;308
616;9;9;23
617;14;14;132
617;21;21;294
617;15;15;76
617;15;15;99
617;12;12;113
617;8;8;35
617;12;12;126
617;12;12;130
617;11;11;69
617;17;17;279
617;17;17;172
617;19;19;200
617;18;18;113
617;7;7;42
617;10;10;17
618;19;19;200
618;16;16;67
618;20;21;108
618;14;14;135
618;18;19;265
618;22;22;181
618;15;15;29
618;15;15;79
618;9;9;46
619;14;14;140
619;14;14;51
619;12;12;121
619;22;22;300
619;21;21;193
619;13;13;142
619;12;12;125
619;10;10;23
619;21;21;299
619;7;7;13
619;10;10;16
619;16;16;182
620;16;16;228
620;12;12;17
620;19;19;247
620;14;14;25
620;20;20;32
620;15;15;97
620;20;21;394
620;14;14;31
620;15;15;33
620;17;17;281
620;14;14;59
621;13;13;134
621;21;22;417
621;21;21;135
621;8;8;50
621;15;15;115
621;16;16;186
621;11;11;95
621;7;7;15
621;16;16;232
621;18;18;30
621;18;18;148
621;19;19;42
622;15;16;24
622;20;21;124
622;11;11;72
622;15;15;101
622;14;14;189
622;10;10;42
622;21;21;204
622;18;18;35
622;12;12;20
623;9;9;58
623;10;10;51
623;22;22;472
623;10;10;26
623;18;18;198
623;19;19;261
623;15;15;117
623;16;16;230
623;22;22;339
623;18;19;267
624;21;21;429
624;13;13;154
624;20;20;365
624;14;14;172
624;18;18;166
624;14;14;88
624;12;12;33
624;22;22;196
624;11;11;90
625;8;8;52
625;15;15;135
625;14;14;92
625;19;19;258
625;17;17;198
625;13;13;136
625;18;18;30
625;15;15;138
625;10;10;56
625;16;16;232
625;10;10;42
625;13;13;156
625;15;16;30
625;16;16;212
626;21;21;431
626;21;21;329
626;19;19;203
626;13;13;18
626;9;9;63
626;18;18;258
626;17;17;200
627;16;16;131
627;15;15;134
627;12;12;50
627;20;20;265
627;11;11;19
627;21;21;394
628;10;10;54
628;20;20;369
628;12;12;48
628;17;17;34
628;18;18;33
628;18;18;33
628;16;16;25
628;14;14;132
628;11;11;99
629;18;19;287
629;18;18;260
629;15;15;151
629;10;10;66
629;11;11;25
629;12;12;61
629;13;13;146
629;15;16;50
629;12;12;64
629;21;21;344
629;15;15;166
629;18;18;41
629;19;19;260
629;9;9;66
629;15;16;56
629;19;19;72
629;14;14;21
630;10;10;70
630;17;17;254
630;16;16;133
630;20;20;35
630;18;18;39
630;21;21;179
630;20;21;173
630;13;13;30
630;14;14;158
630;16;16;32
630;20;20;271
631;11;11;42
631;16;16;232
631;11;11;105
631;10;10;82
631;18;19;289
631;14;14;32
631;10;10;76
631;22;22;224
631;14;14;122
631;18;18;229
631;17;17;142
631;18;18;68
632;9;9;68
632;21;22;439
632;19;19;74
632;13;13;152
632;16;16;128
632;12;12;84
632;11;11;44
632;19;19;267
633;15;15;202
633;13;13;25
633;21;21;248
633;16;16;235
633;10;10;88
633;15;15;204
633;14;14;35
634;16;16;36
634;16;16;28
634;17;17;262
634;20;20;44
634;16;16;239
634;22;22;226
635;18;18;96
635;13;13;56
635;14;14;44
635;12;12;101
635;11;11;70
635;21;22;441
635;17;17;268
635;18;18;67
635;13;13;27
635;14;14;50
635;14;14;26
636;15;15;23
636;14;14;28
636;12;12;97
636;17;17;270
636;16;16;157
636;18;18;260
636;16;16;39
636;20;20;47
637;20;20;36
637;14;14;148
637;10;10;83
637;15;16;99
637;21;21;42
637;13;13;21
637;11;11;106
637;12;12;109
637;17;17;27
637;13;13;24
637;17;17;68
638;17;17;272
638;11;11;84
638;21;21;417
638;14;14;78
638;12;12;103
638;10;10;17
639;20;20;166
639;20;20;292
639;13;13;72
639;18;18;258
639;14;14;86
639;13;13;32
639;16;16;26
639;18;18;266
639;18;18;114
640;17;17;30
640;16;16;52
640;16;16;29
640;16;16;60
640;14;14;178
640;18;19;323
641;19;19;344
641;15;15;28
641;21;21;404
641;14;14;182
641;11;11;18
641;14;14;99
641;19;19;295
641;15;15;34
641;11;11;24
641;10;10;23
642;17;17;41
642;17;17;29
642;10;10;26
642;13;13;74
642;9;9;16
643;14;15;22
643;12;12;116
643;19;19;105
643;20;20;296
643;10;10;16
643;14;15;28
643;13;13;26
643;12;12;124
644;15;16;111
644;15;15;30
644;14;15;30
644;11;11;48
644;18;18;77
644;18;18;280
645;19;19;297
645;15;15;37
645;11;11;19
645;16;16;66
645;21;21;226
645;11;11;25
646;18;19;325
646;22;22;250
647;15;16;112
647;16;16;35
647;15;15;51
647;10;10;86
647;17;17;39
647;16;16;178
647;10;10;90
647;18;18;31
648;15;15;56
648;10;10;40
648;12;12;118
648;15;15;58
648;9;9;18
648;22;22;422
648;14;14;30
648;20;20;164
648;19;19;120
649;13;13;31
649;17;17;33
649;17;17;156
649;15;15;67
649;20;20;190
649;10;10;68
650;14;14;102
650;17;17;35
651;10;10;71
651;18;18;137
651;16;16;85
651;13;13;106
651;11;11;28
651;18;18;36
652;15;16;126
652;17;17;28
652;20;20;316
653;12;12;20
653;12;12;129
653;13;13;112
653;14;14;21
653;20;21;253
653;11;11;49
653;20;20;112
653;9;9;20
654;13;13;124
654;14;15;64
655;13;13;49
655;19;19;353
655;13;13;51
655;10;10;81
656;15;15;81
656;21;21;313
656;14;14;57
657;11;11;52
657;14;14;25
657;22;22;421
657;18;18;115
657;14;14;112
657;19;19;137
658;11;11;61
659;14;14;31
659;16;16;103
659;11;11;63
659;11;11;64
659;19;19;332
659;11;11;66
660;19;19;133
660;14;14;59
661;22;22;298
661;12;12;48
661;17;17;97
661;13;13;158
662;18;18;193
662;12;12;50
662;17;17;74
663;17;17;33
663;13;13;74
664;10;10;85
665;21;21;43
665;13;13;76
666;19;19;334
666;18;18;27
666;11;11;74
666;15;15;113
666;14;14;37
666;18;18;43
667;12;12;66
667;12;12;75
667;18;18;187
667;12;12;80
668;18;18;29
668;16;16;203
669;20;20;210
670;22;22;448
671;22;22;464
671;11;11;67
671;13;13;25
671;21;21;314
672;18;18;196
673;15;16;166
673;15;15;130
674;17;17;164
674;18;18;153
675;16;16;131
676;13;13;30
677;21;21;324
677;14;14;152
677;17;17;84
677;17;17;99
678;22;22;431
679;13;13;90
679;18;18;37
680;18;18;32
681;13;13;43
682;13;13;99
683;15;15;150
683;10;10;86
684;19;19;162
684;20;20;138
684;13;13;27
684;14;14;171
684;16;16;94
684;14;14;86
684;11;11;88
684;18;18;31
684;20;20;363
684;21;21;326
684;9;9;56
684;12;12;78
684;15;15;163
684;14;14;51
684;17;17;103
684;19;19;167
684;17;17;90
684;16;16;248
684;20;21;293
684;13;13;101
684;12;12;96
684;17;17;107
684;14;14;88
684;19;19;166
684;11;11;100
684;16;16;171
684;13;13;59
684;9;9;58
684;14;14;21
684;15;15;200
685;21;21;76
686;17;17;116
686;11;11;104
686;21;21;301
686;21;21;90
686;16;16;96
686;15;15;175
686;13;13;51
686;14;14;61
686;17;17;107
686;13;13;53
687;17;17;74
687;12;12;100
687;13;13;67
687;14;15;93
687;18;18;183
687;16;16;227
687;15;15;206
687;18;18;41
687;14;14;32
687;13;13;74
687;22;22;451
687;12;12;105
687;19;19;36
687;16;16;106
687;18;18;43
687;16;16;230
687;13;13;85
687;21;21;130
687;11;11;24
688;12;12;127
688;15;16;221
688;20;20;164
688;15;15;186
688;13;13;77
688;21;21;348
688;19;19;42
689;12;12;112
689;21;21;102
689;16;16;232
689;14;14;115
689;20;20;195
689;16;16;212
689;19;19;38
689;11;11;19
689;16;16;214
689;17;17;132
689;20;21;306
689;15;15;25
689;13;13;114
689;18;18;47
689;12;12;131
689;17;17;87
689;15;15;30
690;22;22;332
690;13;13;121
690;14;15;108
690;20;20;30
690;13;13;123
690;14;14;117
690;14;14;91
691;13;13;117
691;20;20;195
691;22;22;34
691;16;16;230
691;14;14;35
691;13;13;131
691;11;11;25
691;12;12;114
691;21;21;358
691;13;13;79
691;17;17;151
691;11;11;82
692;16;16;110
692;11;11;84
692;14;15;114
692;18;18;254
692;17;17;248
693;13;13;124
693;16;16;28
693;21;21;116
693;12;12;122
693;15;16;26
693;12;12;21
693;17;17;134
693;13;13;138
693;14;14;50
694;11;11;28
694;20;20;34
694;22;22;48
694;17;17;258
694;14;14;58
694;13;13;126
694;14;14;144
694;13;13;103
694;12;12;27
694;17;17;155
694;15;15;26
695;16;16;30
695;16;16;25
695;20;20;290
695;14;14;70
695;22;22;341
695;12;12;126
695;19;19;222
696;21;21;370
696;16;16;134
696;14;14;138
696;14;14;78
696;13;13;149
696;15;15;35
696;11;11;100
696;14;14;140
697;14;14;80
697;13;13;105
697;16;16;36
697;16;16;32
697;16;16;62
697;21;21;354
697;14;14;84
697;16;16;39
697;18;18;286
697;19;19;242
698;15;15;87
698;11;11;36
698;15;15;38
698;14;14;146
698;11;11;106
698;15;15;56
698;17;17;152
698;15;15;58
698;16;16;140
698;14;15;158
699;20;21;323
699;13;13;129
699;12;12;20
699;15;16;29
699;13;13;131
699;16;16;68
699;18;18;290
699;13;13;151
699;17;17;176
699;11;11;17
699;17;17;183
699;11;11;20
699;12;12;76
699;12;12;26
699;11;11;24
699;17;17;156
700;16;16;64
700;11;11;27
700;21;21;132
701;18;18;111
701;16;16;65
701;15;16;31
701;11;11;36
701;18;18;116
701;11;11;73
701;14;14;116
701;20;20;324
702;22;22;359
702;12;12;32
702;14;15;187
702;12;12;88
702;21;21;385
702;22;22;39
702;14;14;173
702;19;19;248
702;13;13;21
702;11;11;86
702;14;14;175
702;14;14;171
702;11;11;88
702;20;20;72
703;15;15;124
703;22;22;88
703;15;16;33
703;21;21;350
703;17;17;195
703;16;16;87
703;20;21;46
703;15;15;81
703;12;12;104
703;13;13;142
703;12;12;108
703;11;11;70
703;20;20;329
703;16;16;92
703;12;12;41
703;21;21;146
703;22;22;361
703;19;19;271
703;16;16;102
703;20;21;350
703;19;19;178
703;16;16;123
703;16;16;150
704;19;19;230
704;16;16;94
704;14;14;143
704;13;13;155
705;17;17;197
705;18;18;30
705;17;17;216
705;14;14;26
705;15;16;63
705;11;11;103
705;12;12;73
705;16;16;188
705;15;15;102
706;20;20;99
706;14;14;155
706;16;16;145
706;19;19;156
706;16;16;129
706;22;22;49
706;12;12;117
706;13;13;157
706;14;14;28
707;15;16;65
707;20;20;270
707;18;18;168
707;19;19;238
707;18;18;30
708;12;12;119
708;14;14;36
708;12;12;100
708;11;11;105
708;17;17;202
708;17;17;209
708;18;18;35
708;16;16;178
709;19;19;277
709;18;18;146
709;20;20;287
709;19;19;287
709;13;13;24
709;15;15;112
710;21;21;410
710;17;17;244
710;22;22;123
710;13;13;25
710;14;14;57
711;21;21;200
711;13;13;26
711;20;20;284
711;17;17;268
711;11;11;111
711;20;20;375
711;13;13;31
711;18;18;32
711;14;14;66
711;21;21;412
711;16;16;198
711;16;16;145
712;17;17;249
712;20;20;379
712;13;13;27
713;14;14;173
713;12;12;21
713;15;16;89
713;12;12;26
713;20;20;294
713;15;16;91
713;12;12;32
714;14;14;80
714;16;16;154
714;12;12;27
714;14;14;82
714;14;14;110
715;16;16;156
715;20;21;391
715;15;15;155
715;14;14;86
715;19;19;264
715;13;13;69
715;19;19;300
716;17;17;246
716;13;13;46
716;15;16;104
716;20;21;104
717;19;19;302
717;19;19;236
717;20;21;394
717;14;14;20
717;15;15;154
717;17;17;240
717;14;14;100
717;22;22;388
718;15;16;112
718;21;21;200
718;16;16;200
718;20;21;398
718;22;22;410
718;16;16;176
719;14;14;32
719;18;18;185
719;21;21;202
719;15;15;166
719;22;22;90
719;20;21;401
720;21;21;38
720;18;18;70
720;14;14;145
720;20;20;342
721;15;16;127
721;16;16;226
721;17;17;33
721;11;11;108
722;18;18;76
722;18;18;194
722;20;20;160
722;17;17;256
722;13;13;120
722;21;21;279
722;15;16;129
722;12;12;102
722;12;12;98
722;14;14;58
722;18;18;223
722;14;14;134
722;18;18;315
722;17;17;35
722;11;11;110
722;20;20;327
722;20;21;128
722;17;17;30
722;16;16;241
722;13;13;137
723;22;22;424
723;15;15;203
723;17;17;258
723;17;17;174
723;14;14;136
723;15;16;142
723;18;18;98
723;18;18;233
723;13;13;122
723;18;18;108
724;15;15;205
724;20;20;173
725;16;16;216
726;13;13;154
726;12;12;123
726;12;12;128
726;20;20;32
727;15;16;149
727;16;16;218
727;12;12;132
727;20;20;37
728;15;16;151
728;12;12;128
728;18;18;218
729;16;16;26
729;13;13;140
729;20;21;139
729;17;17;60
729;18;18;246
730;16;16;29
731;17;17;29
731;22;22;434
731;20;20;183
732;18;18;248
732;13;13;21
732;18;18;114
733;17;17;67
733;14;15;19
733;20;20;43
733;16;16;25
734;13;13;159
734;14;15;20
735;16;16;35
735;17;17;69
735;13;13;26
736;15;15;22
736;22;22;342
737;14;15;21
737;14;14;115
738;17;17;39
738;16;16;28
738;13;13;31
739;15;15;26
739;14;15;25
740;21;21;307
741;15;15;25
741;14;15;27
741;20;21;154
741;14;15;29
741;14;15;31
741;18;18;242
741;17;17;28
741;16;16;39
741;14;15;34
741;20;20;389
741;18;18;244
741;15;15;35
741;14;15;37
741;22;22;449
741;15;15;38
741;17;17;33
741;17;17;282
741;13;13;58
741;14;15;41
741;19;19;42
742;21;21;256
743;22;22;451
743;13;13;62
743;14;14;23
743;14;14;26
744;18;18;255
744;14;14;28
745;20;21;168
746;14;15;51
747;13;13;71
747;16;16;30
748;17;17;101
749;14;15;53
749;14;14;33
750;16;16;32
750;16;16;64
751;17;17;103
751;14;14;36
752;15;16;209
753;14;15;59
753;15;16;211
753;21;21;76
753;20;21;174
754;18;18;264
755;13;13;88
756;21;21;123
757;21;21;332
757;15;15;66
758;19;19;28
759;17;17;105
759;17;17;135
760;19;19;44
760;14;15;61
760;21;21;127
760;16;16;106
760;17;17;137
760;18;18;161
760;15;16;220
760;14;15;68
760;21;21;334
760;18;18;293
760;14;14;172
760;14;14;102
760;16;16;116
760;19;19;37
760;19;19;67
760;14;15;74
760;17;17;120
760;22;22;84
760;21;21;39
760;15;16;223
760;18;18;300
760;22;22;224
760;15;15;93
760;15;15;83
760;18;18;297
760;15;16;225
760;22;22;181
760;13;13;116
760;15;15;222
760;20;20;33
760;14;15;89
760;20;21;209
760;14;15;91
761;15;16;228
762;16;16;128
762;19;19;330
762;17;17;116
762;19;19;70
762;20;20;125
762;15;15;95
762;18;18;182
762;20;20;36
763;16;16;135
763;19;19;83
763;21;21;47
763;13;13;135
763;17;17;169
763;14;15;102
763;19;19;336
763;16;16;116
763;14;15;103
763;17;17;171
764;14;14;147
764;14;14;188
764;16;16;143
764;14;15;105
764;18;18;191
764;16;16;152
764;14;15;108
764;14;15;109
764;13;13;150
764;15;15;127
764;20;21;222
764;20;20;47
764;13;13;152
765;16;16;149
765;18;18;195
765;22;22;242
765;22;22;42
765;14;15;114
765;20;20;50
765;14;14;165
765;15;15;135
765;19;19;112
766;15;15;128
766;14;15;119
766;17;17;38
766;19;19;114
766;14;15;121
766;14;14;176
766;17;17;147
766;20;20;283
766;17;17;200
767;14;14;179
767;19;19;82
767;17;17;151
767;22;22;44
767;17;17;178
767;15;15;152
767;15;15;136
767;14;15;136
767;20;21;238
767;16;16;176
767;17;17;204
767;18;18;31
767;17;17;203
767;19;19;108
768;18;18;156
768;18;18;32
768;18;18;216
768;14;15;137
768;17;17;160
768;21;21;181
768;17;17;205
769;18;18;38
769;18;18;41
769;14;14;23
769;14;15;149
769;22;22;54
769;16;16;191
769;19;19;102
769;19;19;30
769;17;17;172
769;14;14;28
769;14;15;151
769;14;14;33
769;20;21;255
769;20;20;160
770;21;21;195
770;20;21;258
770;16;16;236
770;17;17;228
770;19;19;38
770;14;15;161
770;22;22;39
771;17;17;230
771;16;16;240
771;14;15;164
771;13;13;100
771;13;13;102
771;16;16;213
771;18;18;65
771;16;16;215
771;17;17;237
771;18;18;66
772;20;20;186
772;17;17;192
772;18;18;300
772;17;17;239
772;22;22;284
772;14;15;179
772;17;17;221
772;16;16;210
772;20;20;321
772;17;17;194
773;14;14;72
773;16;16;227
773;14;15;181
773;17;17;105
773;18;18;258
773;18;18;76
773;16;16;231
773;13;13;118
773;14;15;183
773;22;22;51
773;17;17;232
773;17;17;254
774;15;15;22
774;18;18;210
774;17;17;234
774;19;19;68
774;15;15;26
774;16;16;29
774;16;16;233
775;21;21;222
775;20;20;204
775;22;22;89
775;22;22;169
775;16;16;35
775;21;21;126
775;21;21;226
775;17;17;271
775;14;14;118
775;15;15;25
775;19;19;182
775;17;17;273
775;20;21;295
776;20;20;134
776;16;16;28
776;17;17;286
776;15;15;35
776;21;21;422
776;17;17;210
776;19;19;200
776;16;16;59
777;19;19;192
777;18;18;120
777;22;22;185
777;18;18;118
777;19;19;190
777;14;14;145
777;16;16;69
777;18;18;35
777;17;17;30
777;16;16;32
778;22;22;278
778;18;18;37
778;17;17;254
778;17;17;36
778;15;15;91
778;20;21;314
778;18;18;133
778;15;15;98
779;18;18;32
779;20;20;156
779;20;20;162
779;15;15;102
779;20;20;250
779;22;22;290
779;17;17;33
779;20;20;249
779;22;22;128
779;17;17;35
779;15;15;93
779;22;22;130
779;20;21;328
779;21;21;33
779;17;17;29
779;18;18;30
779;19;19;203
779;15;15;100
779;18;18;69
780;20;20;177
780;15;15;131
780;17;17;73
780;17;17;39
780;21;21;274
780;18;18;75
780;20;20;181
780;17;17;42
780;15;15;151
780;19;19;213
780;22;22;148
780;18;18;183
781;17;17;28
781;20;20;30
781;22;22;42
781;20;20;282
781;15;15;116
781;16;16;87
781;22;22;221
781;15;15;164
781;15;15;118
782;18;18;186
782;19;19;255
782;19;19;219
782;19;19;254
782;21;21;36
782;18;18;64
782;20;20;34
783;16;16;158
783;21;21;50
783;19;19;257
783;17;17;230
783;16;16;160
783;19;19;167
783;19;19;195
783;21;21;274
784;21;21;53
784;20;20;205
784;20;20;294
784;21;21;300
785;16;16;145
785;16;16;108
785;18;18;113
785;15;15;138
785;15;15;189
785;22;22;43
785;16;16;154
785;18;18;120
785;16;16;118
785;20;20;214
786;20;20;300
786;17;17;130
786;18;18;124
786;19;19;241
786;17;17;132
787;22;22;50
787;20;20;218
787;20;20;304
787;22;22;382
787;15;15;158
787;20;21;377
787;18;18;222
787;16;16;134
787;16;16;172
787;17;17;99
787;20;21;382
787;17;17;101
788;19;19;197
788;19;19;195
788;15;15;180
788;20;20;72
788;21;21;342
788;20;20;322
788;18;18;142
788;16;16;158
788;15;15;193
789;21;21;335
789;17;17;173
789;22;22;406
789;22;22;174
789;17;17;128
789;18;18;263
789;17;17;130
790;18;18;146
790;22;22;375
790;18;18;172
790;22;22;214
790;22;22;420
790;21;21;115
790;17;17;182
791;22;22;216
791;16;16;206
791;17;17;38
791;17;17;206
791;20;20;114
791;19;19;250
791;18;18;163
791;17;17;176
792;20;20;122
792;20;20;368
792;18;18;172
792;18;18;300
792;19;19;257
793;20;20;373
793;20;20;46
793;20;20;381
793;18;18;204
793;19;19;324
793;18;18;180
793;22;22;442
793;19;19;326
793;17;17;142
793;19;19;273
793;17;17;204
793;20;20;304
794;22;22;450
794;20;20;145
794;19;19;34
794;17;17;94
794;17;17;263
794;16;16;27
795;18;18;233
795;19;19;35
795;22;22;140
795;16;16;37
795;19;19;48
795;17;17;214
796;18;18;38
796;19;19;41
796;18;18;243
796;19;19;358
796;21;21;160
797;15;15;134
797;18;18;31
797;17;17;186
797;21;21;162
797;18;18;226
797;17;17;190
797;19;19;44
797;19;19;28
798;17;17;247
799;18;18;41
799;19;19;32
799;18;18;263
799;20;20;37
799;19;19;37
799;15;15;156
799;22;22;162
800;20;20;43
800;21;21;179
800;17;17;36
800;21;21;408
800;18;18;177
800;18;18;292
800;22;23;41
800;16;16;89
800;19;19;333
800;22;22;287
800;22;23;43
801;19;19;335
801;18;18;68
801;21;21;414
801;22;23;45
802;15;15;182
802;21;21;287
802;22;23;47
802;17;17;232
803;21;21;193
803;20;20;126
803;18;18;76
803;20;20;366
803;22;22;300
803;20;20;214
803;18;18;278
804;22;22;302
804;17;17;40
804;19;19;37
804;22;22;48
804;20;20;370
804;18;18;308
804;19;19;82
804;19;19;41
804;16;16;132
804;21;21;38
804;18;18;286
804;19;19;124
804;19;19;110
804;18;18;291
804;17;17;42
804;18;18;294
804;21;21;230
805;16;16;152
805;19;19;30
805;16;16;155
805;19;19;104
806;16;16;157
806;20;20;243
806;18;18;35
807;17;17;57
807;18;18;37
808;22;23;83
808;20;20;108
808;22;23;85
809;22;22;330
809;16;16;174
809;18;18;150
809;19;19;120
809;16;16;177
809;18;18;135
809;17;17;72
809;20;21;32
810;22;23;91
811;19;19;36
811;19;19;150
811;22;22;223
811;17;17;244
811;19;19;152
811;22;23;93
812;20;21;38
813;20;20;123
813;19;19;130
813;18;18;30
814;19;19;152
814;20;20;33
815;17;17;146
815;18;18;151
815;20;21;44
815;20;20;36
815;17;17;150
816;22;22;39
816;17;17;96
816;21;21;258
816;16;17;26
816;20;20;42
816;21;21;355
816;16;17;29
816;17;17;104
816;16;17;31
816;16;17;33
816;16;17;35
816;20;20;47
816;17;17;156
816;19;19;105
816;22;22;49
816;22;23;125
817;17;17;274
817;18;18;58
817;19;19;198
818;20;20;50
818;21;21;268
818;18;18;176
819;17;17;162
820;22;22;245
820;20;20;213
820;17;17;177
820;20;21;66
820;19;19;206
820;16;16;234
820;22;23;127
820;21;21;116
821;16;17;59
821;18;18;64
821;17;17;166
821;16;17;61
822;18;18;178
822;17;17;168
822;19;19;192
822;21;21;307
822;22;22;386
822;16;17;67
822;17;17;184
822;16;17;69
822;22;22;287
822;20;20;188
822;22;22;388
822;17;17;196
822;20;20;73
822;17;17;198
822;21;21;112
822;20;21;87
822;19;19;156
822;21;21;117
822;18;18;202
822;16;16;27
822;22;23;146
823;16;17;89
823;18;18;257
823;16;17;91
823;19;19;216
824;19;19;218
824;16;16;37
825;20;20;208
825;22;22;162
825;16;16;40
825;22;22;90
825;18;18;110
825;19;19;250
825;18;18;273
825;16;17;108
825;20;20;257
825;17;17;220
825;22;22;313
826;18;18;226
826;18;18;179
826;18;18;117
826;16;17;116
826;18;18;181
826;18;18;283
826;16;17;119
826;17;17;243
826;21;21;432
826;20;20;364
826;16;17;121
826;16;17;122
826;19;19;266
826;17;17;225
826;22;23;167
826;21;21;321
826;18;18;129
827;17;17;227
827;22;22;406
827;22;23;169
827;18;18;294
828;17;17;240
828;21;21;357
828;20;20;200
828;17;17;232
828;19;19;274
828;21;21;185
828;19;19;254
828;20;21;130
829;18;18;178
829;17;17;239
830;16;17;135
830;18;18;144
831;16;17;137
832;21;21;363
833;19;19;280
833;19;19;284
833;19;19;195
834;19;19;266
834;17;17;274
834;22;23;183
834;16;17;149
834;17;17;255
834;19;19;292
834;16;17;151
834;22;23;185
834;19;19;294
834;18;18;226
834;18;18;166
834;18;18;280
834;22;22;323
834;19;19;284
834;17;17;26
834;22;22;212
835;21;21;357
836;19;19;222
837;22;22;214
838;17;17;32
839;19;19;224
839;18;18;34
840;16;17;179
840;20;20;34
840;17;17;36
840;18;18;38
840;16;16;148
840;16;17;181
840;18;18;251
840;19;19;298
840;18;18;253
840;22;22;222
840;18;18;194
840;19;19;302
840;20;21;173
840;22;23;209
840;18;18;197
840;17;17;246
840;18;18;142
840;22;23;211
840;19;19;232
840;17;17;38
840;17;17;58
840;19;19;310
840;21;21;205
840;18;18;268
840;19;19;248
840;21;21;207
841;17;17;44
842;16;17;209
842;18;18;67
842;16;17;211
842;19;19;319
842;18;18;214
842;19;19;347
842;16;17;214
842;19;19;322
842;21;21;418
842;18;18;75
842;18;18;222
842;17;17;66
842;16;17;222
843;19;19;328
843;17;17;68
843;16;17;224
843;22;22;86
843;20;20;74
843;22;23;229
843;16;16;205
843;18;18;278
843;21;21;399
843;17;17;72
843;22;23;231
843;16;17;234
843;22;22;92
843;16;17;237
844;18;18;239
844;16;17;239
844;21;21;405
844;18;18;241
844;17;17;106
844;18;18;100
844;17;17;89
844;18;18;306
845;18;18;44
845;16;17;241
845;20;21;212
845;19;19;31
845;17;17;86
845;20;20;332
845;20;20;334
845;19;19;34
845;20;21;216
845;21;21;273
845;22;22;42
846;18;18;253
846;19;19;292
846;17;17;96
846;18;18;112
846;22;22;44
846;17;17;98
846;19;19;45
846;17;17;102
846;19;19;35
846;22;23;251
847;19;19;48
847;17;17;119
847;19;19;32
847;19;19;41
847;22;22;209
847;20;20;114
847;20;21;228
847;22;23;253
847;18;18;74
847;20;20;116
847;17;17;115
848;20;20;244
848;20;20;120
848;21;21;286
848;18;18;35
848;21;21;272
848;18;18;37
848;21;21;50
849;19;19;331
849;17;17;153
849;22;22;229
849;20;20;376
849;17;17;144
849;21;21;36
849;19;19;337
849;17;17;159
849;17;17;148
849;19;19;346
849;20;20;380
849;19;19;109
849;20;20;147
850;21;21;300
850;19;19;111
850;20;20;287
850;20;20;46
850;22;23;293
850;18;18;195
850;22;22;325
850;22;23;295
851;17;17;179
851;22;22;442
851;20;21;283
851;18;18;149
851;19;19;116
851;17;17;173
851;22;22;473
851;19;19;128
851;20;20;35
851;18;18;219
851;18;18;167
851;22;23;310
852;18;18;66
852;18;18;98
852;20;20;45
852;18;18;105
852;22;22;280
853;17;17;262
853;21;21;335
853;20;20;86
853;17;17;264
853;20;21;310
853;17;17;213
853;19;19;36
853;22;22;358
853;20;20;37
853;20;21;316
853;20;20;43
853;20;20;203
853;21;21;353
853;20;20;74
853;17;17;250
853;19;19;170
854;22;23;335
854;18;18;108
854;22;23;337
854;21;21;134
854;20;21;333
854;17;17;26
854;22;22;307
854;20;20;84
854;22;22;35
855;21;21;363
855;18;18;276
855;21;21;128
856;17;17;32
856;18;18;224
856;20;20;223
856;17;17;34
856;19;19;180
857;19;19;188
857;17;17;36
857;19;19;182
857;19;19;190
857;20;20;227
857;22;22;43
857;18;18;131
857;22;22;42
857;20;20;75
857;18;18;236
857;19;19;113
857;19;19;190
857;22;22;50
857;20;21;354
858;19;19;119
858;19;19;107
858;22;22;53
858;21;21;148
858;18;18;192
858;20;20;85
858;18;18;182
858;19;19;221
858;22;22;332
858;20;20;117
858;20;20;119
859;17;17;76
859;22;23;367
859;18;18;204
859;18;18;195
859;19;19;126
859;22;23;369
859;20;20;266
859;19;19;243
859;18;18;209
859;22;23;377
859;22;23;379
859;20;20;272
859;17;17;104
859;18;18;34
860;18;18;228
860;17;17;106
860;21;21;200
860;18;18;36
860;19;19;240
860;20;20;33
860;18;18;192
860;18;18;38
860;17;17;66
861;20;20;149
861;19;19;244
861;17;17;68
861;18;18;196
861;18;18;240
861;20;20;127
861;20;20;42
861;21;21;38
861;20;21;30
861;20;21;391
861;19;19;270
861;20;20;47
861;20;21;35
861;17;17;134
861;21;21;212
861;20;20;297
861;18;18;217
861;22;22;449
862;20;21;47
862;18;18;73
862;22;22;112
862;19;19;185
862;19;19;282
862;20;21;50
862;20;20;178
862;17;17;108
862;18;18;75
863;19;19;187
863;20;20;313
863;19;19;282
863;22;22;120
863;22;22;248
863;22;23;419
863;17;17;174
863;20;20;324
864;17;17;176
864;22;23;421
864;21;21;46
864;18;18;44
865;20;20;206
865;18;18;110
865;20;20;38
865;20;20;182
865;18;18;112
865;19;19;324
865;21;21;246
865;22;22;145
865;22;23;436
866;20;21;88
866;18;18;309
866;19;19;334
866;22;22;417
866;18;18;74
866;22;22;236
866;18;18;287
866;17;17;177
866;18;18;292
867;18;18;295
867;21;21;266
867;18;18;147
867;18;18;95
867;18;18;149
867;21;21;270
868;18;18;100
868;17;17;244
868;22;22;48
868;22;23;459
868;17;17;246
869;22;23;461
869;22;23;463
869;21;21;134
869;19;19;31
869;22;22;179
869;17;17;260
869;19;19;34
869;20;21;129
869;18;18;40
870;19;19;276
870;22;22;452
870;19;19;27
870;17;17;266
871;19;19;45
871;21;21;148
871;18;18;184
871;19;19;32
871;21;21;295
871;20;20;308
871;18;18;186
871;19;19;35
872;18;18;40
872;19;19;31
872;22;22;194
872;20;20;273
872;19;19;41
872;21;21;119
873;21;21;162
873;21;21;164
873;19;19;51
873;19;19;47
873;20;21;158
873;21;21;131
873;18;18;66
874;20;20;291
874;18;18;221
874;18;18;74
874;18;18;223
874;20;20;278
875;20;20;280
875;20;20;66
875;18;18;189
875;18;18;92
875;20;20;74
876;22;22;43
876;18;18;204
876;21;21;164
877;22;22;45
877;21;21;347
877;21;22;36
877;20;20;82
877;22;22;241
877;18;18;258
877;18;18;172
877;20;20;294
877;21;21;166
877;18;18;260
878;20;21;216
878;20;20;248
878;18;18;138
878;19;20;31
878;19;19;146
878;21;21;355
878;19;19;132
879;19;19;349
879;21;21;380
879;21;22;39
879;19;19;148
879;19;20;37
880;19;20;39
880;19;20;41
881;18;18;190
881;19;19;144
881;21;22;47
881;21;21;367
881;19;20;46
881;19;19;163
882;20;20;369
882;22;22;85
882;19;19;146
882;18;18;162
882;18;18;262
882;19;20;49
882;19;19;167
882;20;20;271
882;18;18;295
882;22;22;91
882;21;22;37
882;20;20;273
882;18;18;270
882;18;18;297
882;18;18;171
882;18;18;173
883;19;19;161
883;19;19;172
883;21;22;42
883;18;18;181
883;22;22;283
883;21;22;49
884;21;21;426
884;19;19;82
884;19;19;195
885;19;20;79
885;19;20;81
885;19;19;40
885;19;19;204
886;22;22;294
886;20;20;301
886;19;20;88
887;18;18;305
887;22;22;296
887;18;18;28
887;22;22;203
887;18;18;34
887;21;22;98
888;18;18;36
888;20;20;35
888;20;20;317
889;22;22;124
889;22;22;452
889;18;18;229
890;19;19;214
890;19;20;113
891;20;20;45
891;19;20;115
892;20;20;326
892;19;19;220
892;19;19;226
893;19;20;119
893;19;19;134
893;19;19;228
893;19;20;121
893;21;21;282
893;21;22;94
893;20;20;287
894;20;21;305
894;18;18;73
895;18;18;256
895;19;19;148
896;20;20;201
896;21;21;39
897;19;19;239
897;19;19;150
897;19;19;242
898;21;21;45
898;22;22;434
899;21;21;36
899;20;20;76
899;20;21;322
899;18;18;272
900;19;19;255
901;20;20;120
901;20;20;84
902;22;22;352
902;18;18;110
902;20;20;367
903;19;20;159
903;19;20;161
903;19;19;269
903;18;18;294
903;22;22;359
903;19;19;184
903;19;20;166
903;20;20;102
903;21;21;78
903;21;22;137
903;21;21;302
903;18;18;102
904;22;22;44
905;19;19;285
905;19;20;180
905;19;19;291
906;19;19;315
906;18;18;114
906;22;22;377
906;21;22;176
906;19;19;308
906;21;21;88
906;20;20;171
906;19;20;199
906;19;19;311
906;19;20;201
906;22;22;389
906;18;18;40
906;19;19;226
906;18;18;174
907;18;18;176
907;19;19;320
907;19;19;329
907;19;20;210
908;21;21;120
908;21;21;338
909;20;20;38
910;19;19;323
910;20;20;284
910;21;21;366
910;20;20;151
910;20;20;42
910;20;21;392
910;22;22;404
910;22;22;227
910;20;20;138
910;20;20;390
910;18;18;198
910;19;19;348
911;18;18;74
911;21;22;188
911;20;20;167
911;21;21;126
912;21;22;192
912;22;22;416
912;19;20;236
912;19;19;31
912;22;22;324
912;19;20;239
912;19;19;34
912;21;22;196
912;21;21;135
912;19;20;241
912;22;22;424
912;20;20;75
913;19;19;40
914;18;18;97
914;20;20;184
915;22;22;249
916;19;19;45
917;21;22;205
917;18;18;203
917;20;20;83
918;18;18;233
918;19;19;32
918;18;18;115
918;19;19;32
918;21;21;166
918;21;21;170
918;18;18;244
918;21;21;168
918;19;20;265
918;18;18;246
919;19;20;267
919;18;18;227
920;22;22;447
921;20;20;38
922;21;21;35
923;19;19;316
923;21;21;184
924;21;21;38
924;19;19;81
924;19;20;279
924;21;21;188
924;21;21;406
924;19;20;281
924;18;18;147
924;20;20;360
924;21;21;44
924;21;21;409
924;22;22;368
924;20;20;124
924;21;21;185
924;21;21;49
924;21;21;415
924;20;20;368
924;19;19;80
924;19;19;332
924;22;22;304
924;19;19;104
924;19;19;338
924;22;22;164
924;20;20;250
924;21;21;204
924;19;19;108
924;21;22;293
925;19;20;319
926;19;19;110
926;19;20;321
926;19;19;134
926;22;22;35
926;18;18;300
926;21;21;89
926;21;21;232
926;18;18;304
927;19;19;123
927;19;19;33
927;18;18;220
927;21;21;224
927;21;21;46
927;19;20;341
927;20;20;29
927;22;22;334
927;22;22;53
927;21;21;34
927;19;19;128
927;20;20;176
927;22;22;46
927;19;20;343
927;22;22;232
927;19;19;43
927;19;19;138
927;22;22;131
927;22;22;207
927;20;20;128
927;21;21;255
928;20;20;44
928;18;18;242
928;22;22;137
928;19;20;359
928;19;19;183
928;19;20;361
928;20;20;53
928;19;19;185
928;22;22;443
928;18;18;262
929;19;19;193
929;21;22;316
929;22;22;366
929;21;21;280
929;18;18;270
929;22;22;451
929;20;20;82
929;19;19;217
929;18;18;288
929;21;21;90
929;20;20;236
930;18;18;296
930;19;19;111
930;19;19;113
930;21;22;344
930;21;21;308
930;20;20;104
930;22;22;122
930;22;22;297
930;19;19;248
930;22;22;138
930;21;21;129
931;20;20;133
931;21;22;400
931;20;20;276
931;22;22;40
931;21;21;203
931;19;19;273
931;21;21;205
931;21;21;344
932;21;21;328
932;21;22;384
932;21;22;412
932;22;22;298
932;19;19;262
932;19;19;289
932;19;19;270
932;21;21;170
932;21;22;393
932;20;20;163
932;20;20;35
932;21;21;368
933;19;19;198
933;20;20;76
933;20;20;45
933;21;22;436
933;20;20;184
933;21;22;440
933;20;20;34
933;19;19;332
933;22;22;333
933;21;21;398
933;19;19;335
933;20;20;39
934;20;20;41
934;21;21;380
934;21;21;260
934;21;22;428
934;21;21;198
934;20;20;82
934;21;21;389
935;22;22;210
935;20;20;400
935;19;19;340
935;22;22;384
935;19;19;342
935;21;21;400
935;22;22;360
935;22;22;222
935;20;20;77
935;22;22;127
935;22;22;129
935;20;20;83
935;22;22;370
935;21;21;296
936;20;20;244
936;19;19;40
936;21;21;301
936;21;21;304
936;19;19;277
936;22;22;142
936;22;22;243
936;22;22;43
936;22;22;45
936;22;22;151
936;21;21;317
936;21;21;37
937;20;20;39
937;20;20;43
937;21;21;263
937;20;20;125
937;20;20;38
937;21;21;32
937;21;21;49
937;20;20;40
938;21;21;39
938;20;20;42
938;19;19;320
938;21;21;36
938;21;21;45
938;20;20;292
939;20;20;165
939;21;21;48
939;22;22;180
939;20;20;392
939;20;20;210
939;19;19;338
939;20;20;318
939;20;20;81
939;22;22;199
939;20;20;83
939;22;22;205
939;21;21;88
939;22;22;126
939;19;19;33
940;20;20;345
940;20;20;347
940;20;21;30
940;20;20;254
940;21;21;392
940;19;19;43
940;22;22;326
940;22;22;131
940;20;20;42
940;22;22;133
940;20;20;122
940;20;20;124
941;20;20;367
941;21;21;122
941;20;21;50
941;21;21;409
941;20;20;248
941;22;22;244
941;21;21;174
941;20;21;71
941;22;22;40
941;19;19;220
942;20;20;163
942;22;22;364
942;19;19;222
942;20;20;165
942;19;19;80
943;20;21;88
943;22;22;273
943;21;21;389
943;20;20;44
943;21;21;35
943;21;21;44
944;21;21;49
944;21;21;190
944;20;20;204
944;21;21;52
944;20;20;206
944;20;21;125
944;22;22;217
945;22;22;219
945;21;21;198
945;21;21;217
945;20;20;80
945;22;22;219
945;21;21;208
945;22;22;221
945;21;21;210
945;20;20;326
945;20;20;354
945;20;20;356
945;20;20;245
945;20;20;247
945;21;21;34
945;22;22;443
945;20;21;175
945;20;20;286
945;20;20;288
945;20;20;33
945;21;21;138
945;20;20;161
945;21;21;276
945;20;20;49
945;22;22;166
945;19;19;275
946;22;22;394
946;22;22;35
946;22;22;398
946;20;21;232
946;20;20;327
946;22;22;307
946;20;20;329
946;22;22;309
946;20;20;78
946;21;21;308
946;21;21;178
946;20;20;84
946;19;19;298
946;19;19;300
946;22;22;53
947;20;20;34
947;20;20;39
947;20;20;41
947;22;22;214
948;21;21;322
948;21;21;324
948;21;21;136
948;21;21;375
948;20;20;82
948;20;21;262
948;22;22;340
949;20;20;368
949;20;21;265
949;20;20;370
949;22;22;44
949;22;22;46
949;20;20;242
950;22;22;236
950;22;22;446
950;22;22;227
950;21;21;223
951;22;22;450
951;21;21;372
951;21;21;346
951;21;21;227
951;20;21;288
951;20;21;293
951;20;20;155
951;21;21;184
951;19;19;358
951;20;20;119
951;20;20;121
951;20;20;38
952;20;20;40
952;21;21;262
952;21;21;394
953;20;21;320
953;20;20;183
953;22;22;395
953;20;21;324
953;22;22;397
953;21;21;213
953;22;22;416
953;20;21;337
954;22;22;40
954;20;20;214
954;20;20;81
954;20;21;349
954;20;20;334
954;20;20;189
954;22;22;301
955;22;22;134
955;22;22;303
955;22;22;136
955;20;21;360
955;22;22;178
955;20;20;209
955;22;22;216
955;22;22;76
955;20;20;361
955;20;20;116
955;20;20;118
955;20;20;369
955;20;20;122
956;21;21;32
956;22;22;331
956;20;21;390
956;22;22;201
956;20;20;40
956;20;20;42
956;21;21;39
957;22;22;462
957;21;21;45
957;21;21;48
957;21;21;287
957;21;21;360
957;21;21;73
957;20;20;274
957;21;21;385
957;20;20;290
957;20;20;279
958;20;20;300
958;22;22;224
958;20;20;281
958;22;22;226
959;22;22;38
959;20;20;306
959;20;20;122
959;22;22;43
960;20;20;124
960;22;22;45
960;21;21;356
960;22;22;178
960;20;20;363
960;21;21;133
960;22;22;292
960;20;20;249
961;22;22;298
961;22;22;195
961;21;21;152
961;20;20;338
961;21;21;390
961;21;21;35
962;20;20;123
962;22;22;116
962;20;20;272
962;21;21;40
962;20;20;274
963;21;21;174
963;21;21;44
963;22;22;453
963;21;21;410
963;21;21;180
963;22;22;324
963;20;20;359
963;21;21;49
963;20;20;361
963;21;21;52
963;21;21;416
963;21;21;192
964;21;21;218
964;20;20;380
964;20;20;36
964;20;20;306
964;21;21;203
965;22;22;314
965;22;22;316
965;22;22;355
965;22;22;166
965;22;22;264
965;21;21;37
965;21;21;236
965;22;22;379
965;22;22;184
965;22;22;381
966;20;20;350
966;21;21;47
966;20;20;352
966;21;21;118
966;22;22;287
966;21;21;130
966;21;21;40
966;20;20;286
966;21;21;267
966;20;20;288
966;22;22;300
966;22;22;403
966;21;21;271
966;22;22;201
966;21;21;282
966;20;20;260
966;21;21;296
966;22;22;326
966;20;20;264
966;22;22;404
966;21;21;182
966;22;22;406
966;21;21;314
966;22;22;254
966;22;22;123
966;21;21;136
966;22;22;357
966;21;21;333
966;20;20;368
966;20;20;370
966;21;21;152
966;20;20;316
966;20;21;39
966;20;21;41
966;20;21;43
966;20;21;48
967;21;21;370
967;22;22;38
967;22;22;308
967;21;21;381
967;22;22;294
967;22;22;182
968;22;22;476
968;20;21;79
968;20;21;81
968;21;21;270
968;21;21;398
968;21;21;401
968;22;22;333
968;22;22;430
968;22;22;80
968;21;21;298
968;22;22;444
968;21;21;426
969;22;22;338
969;20;21;125
969;22;22;452
969;20;21;127
969;21;21;337
969;21;21;46
969;22;22;368
969;20;21;159
970;20;21;161
970;20;21;178
970;21;21;303
971;21;21;80
971;20;21;190
971;21;21;82
971;20;21;199
972;20;21;201
972;22;22;176
973;21;21;330
973;21;21;332
973;21;21;110
974;20;21;220
974;21;21;115
975;21;21;408
975;21;21;410
975;22;22;456
975;20;21;232
975;21;21;413
975;22;22;460
975;21;21;133
976;22;22;445
976;21;21;147
977;22;22;224
977;21;21;377
977;21;21;123
977;22;22;226
978;20;21;264
978;21;21;390
979;22;22;363
979;22;22;246
979;21;21;40
980;21;21;42
980;21;21;44
980;20;21;293
981;20;21;295
981;20;21;298
981;20;21;319
981;22;22;38
981;20;21;321
981;22;22;414
981;22;22;284
982;22;22;305
983;21;21;37
983;21;21;47
983;21;21;128
983;21;21;130
984;20;21;377
984;22;22;334
984;20;21;379
985;21;21;270
985;20;21;399
985;20;21;401
985;21;21;312
985;22;22;363
985;22;22;156
986;21;21;338
987;22;22;410
987;21;21;190
987;22;22;436
987;22;22;444
988;21;21;300
989;21;21;418
990;21;21;302
990;21;21;420
990;22;22;254
990;20;21;86
990;20;21;112
990;20;21;132
990;21;21;386
990;21;21;388
990;22;22;86
990;21;21;355
990;20;21;198
991;20;21;219
991;20;21;286
992;20;21;304
993;20;21;391
993;20;20;78
993;21;22;52
993;21;22;72
994;21;22;80
995;21;22;110
995;21;22;125
995;20;20;372
995;21;22;254
996;21;22;276
996;20;20;80
997;21;22;286
997;21;22;292
998;21;22;334
999;21;22;357
999;21;22;436
1000;20;20;392
